"Name","Version","Purl","License"
"@alloc/quick-lru","5.2.0","pkg:npm/@alloc/quick-lru@5.2.0","MIT"
"@ampproject/remapping","2.3.0","pkg:npm/@ampproject/remapping@2.3.0","Apache-2.0"
"@apideck/better-ajv-errors","0.3.6","pkg:npm/@apideck/better-ajv-errors@0.3.6","MIT"
"@babel/code-frame","7.27.1","pkg:npm/@babel/code-frame@7.27.1","MIT"
"@babel/compat-data","7.28.0","pkg:npm/@babel/compat-data@7.28.0","MIT"
"@babel/core","7.28.3","pkg:npm/@babel/core@7.28.3","MIT"
"@babel/eslint-parser","7.28.0","pkg:npm/@babel/eslint-parser@7.28.0","MIT"
"@babel/generator","7.28.3","pkg:npm/@babel/generator@7.28.3","MIT"
"@babel/helper-annotate-as-pure","7.27.3","pkg:npm/@babel/helper-annotate-as-pure@7.27.3","MIT"
"@babel/helper-compilation-targets","7.27.2","pkg:npm/@babel/helper-compilation-targets@7.27.2","MIT"
"@babel/helper-create-class-features-plugin","7.28.3","pkg:npm/@babel/helper-create-class-features-plugin@7.28.3","MIT"
"@babel/helper-create-regexp-features-plugin","7.27.1","pkg:npm/@babel/helper-create-regexp-features-plugin@7.27.1","MIT"
"@babel/helper-define-polyfill-provider","0.6.5","pkg:npm/@babel/helper-define-polyfill-provider@0.6.5","MIT"
"@babel/helper-globals","7.28.0","pkg:npm/@babel/helper-globals@7.28.0","MIT"
"@babel/helper-member-expression-to-functions","7.27.1","pkg:npm/@babel/helper-member-expression-to-functions@7.27.1","MIT"
"@babel/helper-module-imports","7.27.1","pkg:npm/@babel/helper-module-imports@7.27.1","MIT"
"@babel/helper-module-transforms","7.28.3","pkg:npm/@babel/helper-module-transforms@7.28.3","MIT"
"@babel/helper-optimise-call-expression","7.27.1","pkg:npm/@babel/helper-optimise-call-expression@7.27.1","MIT"
"@babel/helper-plugin-utils","7.27.1","pkg:npm/@babel/helper-plugin-utils@7.27.1","MIT"
"@babel/helper-remap-async-to-generator","7.27.1","pkg:npm/@babel/helper-remap-async-to-generator@7.27.1","MIT"
"@babel/helper-replace-supers","7.27.1","pkg:npm/@babel/helper-replace-supers@7.27.1","MIT"
"@babel/helpers","7.28.3","pkg:npm/@babel/helpers@7.28.3","MIT"
"@babel/helper-skip-transparent-expression-wrappers","7.27.1","pkg:npm/@babel/helper-skip-transparent-expression-wrappers@7.27.1","MIT"
"@babel/helper-string-parser","7.27.1","pkg:npm/@babel/helper-string-parser@7.27.1","MIT"
"@babel/helper-validator-identifier","7.27.1","pkg:npm/@babel/helper-validator-identifier@7.27.1","MIT"
"@babel/helper-validator-option","7.27.1","pkg:npm/@babel/helper-validator-option@7.27.1","MIT"
"@babel/helper-wrap-function","7.28.3","pkg:npm/@babel/helper-wrap-function@7.28.3","MIT"
"@babel/parser","7.28.3","pkg:npm/@babel/parser@7.28.3","MIT"
"@babel/plugin-bugfix-firefox-class-in-computed-class-key","7.27.1","pkg:npm/@babel/plugin-bugfix-firefox-class-in-computed-class-key@7.27.1","MIT"
"@babel/plugin-bugfix-safari-class-field-initializer-scope","7.27.1","pkg:npm/@babel/plugin-bugfix-safari-class-field-initializer-scope@7.27.1","MIT"
"@babel/plugin-bugfix-safari-id-destructuring-collision-in-function-expression","7.27.1","pkg:npm/@babel/plugin-bugfix-safari-id-destructuring-collision-in-function-expression@7.27.1","MIT"
"@babel/plugin-bugfix-v8-spread-parameters-in-optional-chaining","7.27.1","pkg:npm/@babel/plugin-bugfix-v8-spread-parameters-in-optional-chaining@7.27.1","MIT"
"@babel/plugin-bugfix-v8-static-class-fields-redefine-readonly","7.28.3","pkg:npm/@babel/plugin-bugfix-v8-static-class-fields-redefine-readonly@7.28.3","MIT"
"@babel/plugin-proposal-class-properties","7.18.6","pkg:npm/@babel/plugin-proposal-class-properties@7.18.6","MIT"
"@babel/plugin-proposal-decorators","7.28.0","pkg:npm/@babel/plugin-proposal-decorators@7.28.0","MIT"
"@babel/plugin-proposal-nullish-coalescing-operator","7.18.6","pkg:npm/@babel/plugin-proposal-nullish-coalescing-operator@7.18.6","MIT"
"@babel/plugin-proposal-numeric-separator","7.18.6","pkg:npm/@babel/plugin-proposal-numeric-separator@7.18.6","MIT"
"@babel/plugin-proposal-optional-chaining","7.21.0","pkg:npm/@babel/plugin-proposal-optional-chaining@7.21.0","MIT"
"@babel/plugin-proposal-private-methods","7.18.6","pkg:npm/@babel/plugin-proposal-private-methods@7.18.6","MIT"
"@babel/plugin-proposal-private-property-in-object","7.21.0-placeholder-for-preset-env.2","pkg:npm/@babel/plugin-proposal-private-property-in-object@7.21.0-placeholder-for-preset-env.2","MIT"
"@babel/plugin-proposal-private-property-in-object","7.21.11","pkg:npm/@babel/plugin-proposal-private-property-in-object@7.21.11","MIT"
"@babel/plugin-syntax-async-generators","7.8.4","pkg:npm/@babel/plugin-syntax-async-generators@7.8.4","MIT"
"@babel/plugin-syntax-bigint","7.8.3","pkg:npm/@babel/plugin-syntax-bigint@7.8.3","MIT"
"@babel/plugin-syntax-class-properties","7.12.13","pkg:npm/@babel/plugin-syntax-class-properties@7.12.13","MIT"
"@babel/plugin-syntax-class-static-block","7.14.5","pkg:npm/@babel/plugin-syntax-class-static-block@7.14.5","MIT"
"@babel/plugin-syntax-decorators","7.27.1","pkg:npm/@babel/plugin-syntax-decorators@7.27.1","MIT"
"@babel/plugin-syntax-flow","7.27.1","pkg:npm/@babel/plugin-syntax-flow@7.27.1","MIT"
"@babel/plugin-syntax-import-assertions","7.27.1","pkg:npm/@babel/plugin-syntax-import-assertions@7.27.1","MIT"
"@babel/plugin-syntax-import-attributes","7.27.1","pkg:npm/@babel/plugin-syntax-import-attributes@7.27.1","MIT"
"@babel/plugin-syntax-import-meta","7.10.4","pkg:npm/@babel/plugin-syntax-import-meta@7.10.4","MIT"
"@babel/plugin-syntax-json-strings","7.8.3","pkg:npm/@babel/plugin-syntax-json-strings@7.8.3","MIT"
"@babel/plugin-syntax-jsx","7.27.1","pkg:npm/@babel/plugin-syntax-jsx@7.27.1","MIT"
"@babel/plugin-syntax-logical-assignment-operators","7.10.4","pkg:npm/@babel/plugin-syntax-logical-assignment-operators@7.10.4","MIT"
"@babel/plugin-syntax-nullish-coalescing-operator","7.8.3","pkg:npm/@babel/plugin-syntax-nullish-coalescing-operator@7.8.3","MIT"
"@babel/plugin-syntax-numeric-separator","7.10.4","pkg:npm/@babel/plugin-syntax-numeric-separator@7.10.4","MIT"
"@babel/plugin-syntax-object-rest-spread","7.8.3","pkg:npm/@babel/plugin-syntax-object-rest-spread@7.8.3","MIT"
"@babel/plugin-syntax-optional-catch-binding","7.8.3","pkg:npm/@babel/plugin-syntax-optional-catch-binding@7.8.3","MIT"
"@babel/plugin-syntax-optional-chaining","7.8.3","pkg:npm/@babel/plugin-syntax-optional-chaining@7.8.3","MIT"
"@babel/plugin-syntax-private-property-in-object","7.14.5","pkg:npm/@babel/plugin-syntax-private-property-in-object@7.14.5","MIT"
"@babel/plugin-syntax-top-level-await","7.14.5","pkg:npm/@babel/plugin-syntax-top-level-await@7.14.5","MIT"
"@babel/plugin-syntax-typescript","7.27.1","pkg:npm/@babel/plugin-syntax-typescript@7.27.1","MIT"
"@babel/plugin-syntax-unicode-sets-regex","7.18.6","pkg:npm/@babel/plugin-syntax-unicode-sets-regex@7.18.6","MIT"
"@babel/plugin-transform-arrow-functions","7.27.1","pkg:npm/@babel/plugin-transform-arrow-functions@7.27.1","MIT"
"@babel/plugin-transform-async-generator-functions","7.28.0","pkg:npm/@babel/plugin-transform-async-generator-functions@7.28.0","MIT"
"@babel/plugin-transform-async-to-generator","7.27.1","pkg:npm/@babel/plugin-transform-async-to-generator@7.27.1","MIT"
"@babel/plugin-transform-block-scoped-functions","7.27.1","pkg:npm/@babel/plugin-transform-block-scoped-functions@7.27.1","MIT"
"@babel/plugin-transform-block-scoping","7.28.0","pkg:npm/@babel/plugin-transform-block-scoping@7.28.0","MIT"
"@babel/plugin-transform-classes","7.28.3","pkg:npm/@babel/plugin-transform-classes@7.28.3","MIT"
"@babel/plugin-transform-class-properties","7.27.1","pkg:npm/@babel/plugin-transform-class-properties@7.27.1","MIT"
"@babel/plugin-transform-class-static-block","7.28.3","pkg:npm/@babel/plugin-transform-class-static-block@7.28.3","MIT"
"@babel/plugin-transform-computed-properties","7.27.1","pkg:npm/@babel/plugin-transform-computed-properties@7.27.1","MIT"
"@babel/plugin-transform-destructuring","7.28.0","pkg:npm/@babel/plugin-transform-destructuring@7.28.0","MIT"
"@babel/plugin-transform-dotall-regex","7.27.1","pkg:npm/@babel/plugin-transform-dotall-regex@7.27.1","MIT"
"@babel/plugin-transform-duplicate-keys","7.27.1","pkg:npm/@babel/plugin-transform-duplicate-keys@7.27.1","MIT"
"@babel/plugin-transform-duplicate-named-capturing-groups-regex","7.27.1","pkg:npm/@babel/plugin-transform-duplicate-named-capturing-groups-regex@7.27.1","MIT"
"@babel/plugin-transform-dynamic-import","7.27.1","pkg:npm/@babel/plugin-transform-dynamic-import@7.27.1","MIT"
"@babel/plugin-transform-explicit-resource-management","7.28.0","pkg:npm/@babel/plugin-transform-explicit-resource-management@7.28.0","MIT"
"@babel/plugin-transform-exponentiation-operator","7.27.1","pkg:npm/@babel/plugin-transform-exponentiation-operator@7.27.1","MIT"
"@babel/plugin-transform-export-namespace-from","7.27.1","pkg:npm/@babel/plugin-transform-export-namespace-from@7.27.1","MIT"
"@babel/plugin-transform-flow-strip-types","7.27.1","pkg:npm/@babel/plugin-transform-flow-strip-types@7.27.1","MIT"
"@babel/plugin-transform-for-of","7.27.1","pkg:npm/@babel/plugin-transform-for-of@7.27.1","MIT"
"@babel/plugin-transform-function-name","7.27.1","pkg:npm/@babel/plugin-transform-function-name@7.27.1","MIT"
"@babel/plugin-transform-json-strings","7.27.1","pkg:npm/@babel/plugin-transform-json-strings@7.27.1","MIT"
"@babel/plugin-transform-literals","7.27.1","pkg:npm/@babel/plugin-transform-literals@7.27.1","MIT"
"@babel/plugin-transform-logical-assignment-operators","7.27.1","pkg:npm/@babel/plugin-transform-logical-assignment-operators@7.27.1","MIT"
"@babel/plugin-transform-member-expression-literals","7.27.1","pkg:npm/@babel/plugin-transform-member-expression-literals@7.27.1","MIT"
"@babel/plugin-transform-modules-amd","7.27.1","pkg:npm/@babel/plugin-transform-modules-amd@7.27.1","MIT"
"@babel/plugin-transform-modules-commonjs","7.27.1","pkg:npm/@babel/plugin-transform-modules-commonjs@7.27.1","MIT"
"@babel/plugin-transform-modules-systemjs","7.27.1","pkg:npm/@babel/plugin-transform-modules-systemjs@7.27.1","MIT"
"@babel/plugin-transform-modules-umd","7.27.1","pkg:npm/@babel/plugin-transform-modules-umd@7.27.1","MIT"
"@babel/plugin-transform-named-capturing-groups-regex","7.27.1","pkg:npm/@babel/plugin-transform-named-capturing-groups-regex@7.27.1","MIT"
"@babel/plugin-transform-new-target","7.27.1","pkg:npm/@babel/plugin-transform-new-target@7.27.1","MIT"
"@babel/plugin-transform-nullish-coalescing-operator","7.27.1","pkg:npm/@babel/plugin-transform-nullish-coalescing-operator@7.27.1","MIT"
"@babel/plugin-transform-numeric-separator","7.27.1","pkg:npm/@babel/plugin-transform-numeric-separator@7.27.1","MIT"
"@babel/plugin-transform-object-rest-spread","7.28.0","pkg:npm/@babel/plugin-transform-object-rest-spread@7.28.0","MIT"
"@babel/plugin-transform-object-super","7.27.1","pkg:npm/@babel/plugin-transform-object-super@7.27.1","MIT"
"@babel/plugin-transform-optional-catch-binding","7.27.1","pkg:npm/@babel/plugin-transform-optional-catch-binding@7.27.1","MIT"
"@babel/plugin-transform-optional-chaining","7.27.1","pkg:npm/@babel/plugin-transform-optional-chaining@7.27.1","MIT"
"@babel/plugin-transform-parameters","7.27.7","pkg:npm/@babel/plugin-transform-parameters@7.27.7","MIT"
"@babel/plugin-transform-private-methods","7.27.1","pkg:npm/@babel/plugin-transform-private-methods@7.27.1","MIT"
"@babel/plugin-transform-private-property-in-object","7.27.1","pkg:npm/@babel/plugin-transform-private-property-in-object@7.27.1","MIT"
"@babel/plugin-transform-property-literals","7.27.1","pkg:npm/@babel/plugin-transform-property-literals@7.27.1","MIT"
"@babel/plugin-transform-react-constant-elements","7.27.1","pkg:npm/@babel/plugin-transform-react-constant-elements@7.27.1","MIT"
"@babel/plugin-transform-react-display-name","7.28.0","pkg:npm/@babel/plugin-transform-react-display-name@7.28.0","MIT"
"@babel/plugin-transform-react-jsx","7.27.1","pkg:npm/@babel/plugin-transform-react-jsx@7.27.1","MIT"
"@babel/plugin-transform-react-jsx-development","7.27.1","pkg:npm/@babel/plugin-transform-react-jsx-development@7.27.1","MIT"
"@babel/plugin-transform-react-pure-annotations","7.27.1","pkg:npm/@babel/plugin-transform-react-pure-annotations@7.27.1","MIT"
"@babel/plugin-transform-regenerator","7.28.3","pkg:npm/@babel/plugin-transform-regenerator@7.28.3","MIT"
"@babel/plugin-transform-regexp-modifiers","7.27.1","pkg:npm/@babel/plugin-transform-regexp-modifiers@7.27.1","MIT"
"@babel/plugin-transform-reserved-words","7.27.1","pkg:npm/@babel/plugin-transform-reserved-words@7.27.1","MIT"
"@babel/plugin-transform-runtime","7.28.3","pkg:npm/@babel/plugin-transform-runtime@7.28.3","MIT"
"@babel/plugin-transform-shorthand-properties","7.27.1","pkg:npm/@babel/plugin-transform-shorthand-properties@7.27.1","MIT"
"@babel/plugin-transform-spread","7.27.1","pkg:npm/@babel/plugin-transform-spread@7.27.1","MIT"
"@babel/plugin-transform-sticky-regex","7.27.1","pkg:npm/@babel/plugin-transform-sticky-regex@7.27.1","MIT"
"@babel/plugin-transform-template-literals","7.27.1","pkg:npm/@babel/plugin-transform-template-literals@7.27.1","MIT"
"@babel/plugin-transform-typeof-symbol","7.27.1","pkg:npm/@babel/plugin-transform-typeof-symbol@7.27.1","MIT"
"@babel/plugin-transform-typescript","7.28.0","pkg:npm/@babel/plugin-transform-typescript@7.28.0","MIT"
"@babel/plugin-transform-unicode-escapes","7.27.1","pkg:npm/@babel/plugin-transform-unicode-escapes@7.27.1","MIT"
"@babel/plugin-transform-unicode-property-regex","7.27.1","pkg:npm/@babel/plugin-transform-unicode-property-regex@7.27.1","MIT"
"@babel/plugin-transform-unicode-regex","7.27.1","pkg:npm/@babel/plugin-transform-unicode-regex@7.27.1","MIT"
"@babel/plugin-transform-unicode-sets-regex","7.27.1","pkg:npm/@babel/plugin-transform-unicode-sets-regex@7.27.1","MIT"
"@babel/preset-env","7.28.3","pkg:npm/@babel/preset-env@7.28.3","MIT"
"@babel/preset-modules","0.1.6-no-external-plugins","pkg:npm/@babel/preset-modules@0.1.6-no-external-plugins","MIT"
"@babel/preset-react","7.27.1","pkg:npm/@babel/preset-react@7.27.1","MIT"
"@babel/preset-typescript","7.27.1","pkg:npm/@babel/preset-typescript@7.27.1","MIT"
"@babel/runtime","7.28.3","pkg:npm/@babel/runtime@7.28.3","MIT"
"@babel/template","7.27.2","pkg:npm/@babel/template@7.27.2","MIT"
"@babel/traverse","7.28.3","pkg:npm/@babel/traverse@7.28.3","MIT"
"@babel/types","7.28.2","pkg:npm/@babel/types@7.28.2","MIT"
"@bcoe/v8-coverage","0.2.3","pkg:npm/@bcoe/v8-coverage@0.2.3","MIT"
"@csstools/normalize.css","12.1.1","pkg:npm/@csstools/normalize.css@12.1.1","CC0-1.0"
"@csstools/postcss-cascade-layers","1.1.1","pkg:npm/@csstools/postcss-cascade-layers@1.1.1","CC0-1.0"
"@csstools/postcss-color-function","1.1.1","pkg:npm/@csstools/postcss-color-function@1.1.1","CC0-1.0"
"@csstools/postcss-font-format-keywords","1.0.1","pkg:npm/@csstools/postcss-font-format-keywords@1.0.1","CC0-1.0"
"@csstools/postcss-hwb-function","1.0.2","pkg:npm/@csstools/postcss-hwb-function@1.0.2","CC0-1.0"
"@csstools/postcss-ic-unit","1.0.1","pkg:npm/@csstools/postcss-ic-unit@1.0.1","CC0-1.0"
"@csstools/postcss-is-pseudo-class","2.0.7","pkg:npm/@csstools/postcss-is-pseudo-class@2.0.7","CC0-1.0"
"@csstools/postcss-nested-calc","1.0.0","pkg:npm/@csstools/postcss-nested-calc@1.0.0","CC0-1.0"
"@csstools/postcss-normalize-display-values","1.0.1","pkg:npm/@csstools/postcss-normalize-display-values@1.0.1","CC0-1.0"
"@csstools/postcss-oklab-function","1.1.1","pkg:npm/@csstools/postcss-oklab-function@1.1.1","CC0-1.0"
"@csstools/postcss-progressive-custom-properties","1.3.0","pkg:npm/@csstools/postcss-progressive-custom-properties@1.3.0","CC0-1.0"
"@csstools/postcss-stepped-value-functions","1.0.1","pkg:npm/@csstools/postcss-stepped-value-functions@1.0.1","CC0-1.0"
"@csstools/postcss-text-decoration-shorthand","1.0.0","pkg:npm/@csstools/postcss-text-decoration-shorthand@1.0.0","CC0-1.0"
"@csstools/postcss-trigonometric-functions","1.0.2","pkg:npm/@csstools/postcss-trigonometric-functions@1.0.2","CC0-1.0"
"@csstools/postcss-unset-value","1.0.2","pkg:npm/@csstools/postcss-unset-value@1.0.2","CC0-1.0"
"@csstools/selector-specificity","2.2.0","pkg:npm/@csstools/selector-specificity@2.2.0","CC0-1.0"
"@cyclonedx/bom","4.1.2","pkg:npm/@cyclonedx/bom@4.1.2","Apache-2.0"
"@emotion/babel-plugin","11.13.5","pkg:npm/@emotion/babel-plugin@11.13.5","MIT"
"@emotion/cache","11.10.8","pkg:npm/@emotion/cache@11.10.8","MIT"
"@emotion/cache","11.14.0","pkg:npm/@emotion/cache@11.14.0","MIT"
"@emotion/hash","0.9.2","pkg:npm/@emotion/hash@0.9.2","MIT"
"@emotion/is-prop-valid","1.3.1","pkg:npm/@emotion/is-prop-valid@1.3.1","MIT"
"@emotion/memoize","0.8.1","pkg:npm/@emotion/memoize@0.8.1","MIT"
"@emotion/memoize","0.9.0","pkg:npm/@emotion/memoize@0.9.0","MIT"
"@emotion/react","11.10.8","pkg:npm/@emotion/react@11.10.8","MIT"
"@emotion/serialize","1.3.3","pkg:npm/@emotion/serialize@1.3.3","MIT"
"@emotion/sheet","1.4.0","pkg:npm/@emotion/sheet@1.4.0","MIT"
"@emotion/styled","11.10.8","pkg:npm/@emotion/styled@11.10.8","MIT"
"@emotion/unitless","0.10.0","pkg:npm/@emotion/unitless@0.10.0","MIT"
"@emotion/use-insertion-effect-with-fallbacks","1.2.0","pkg:npm/@emotion/use-insertion-effect-with-fallbacks@1.2.0","MIT"
"@emotion/utils","1.4.2","pkg:npm/@emotion/utils@1.4.2","MIT"
"@emotion/weak-memoize","0.3.1","pkg:npm/@emotion/weak-memoize@0.3.1","MIT"
"@emotion/weak-memoize","0.4.0","pkg:npm/@emotion/weak-memoize@0.4.0","MIT"
"@eslint/eslintrc","2.1.4","pkg:npm/@eslint/eslintrc@2.1.4","MIT"
"@eslint/js","8.39.0","pkg:npm/@eslint/js@8.39.0","MIT"
"@eslint-community/eslint-utils","4.7.0","pkg:npm/@eslint-community/eslint-utils@4.7.0","MIT"
"@eslint-community/regexpp","4.12.1","pkg:npm/@eslint-community/regexpp@4.12.1","MIT"
"@humanwhocodes/config-array","0.11.14","pkg:npm/@humanwhocodes/config-array@0.11.14","Apache-2.0"
"@humanwhocodes/module-importer","1.0.1","pkg:npm/@humanwhocodes/module-importer@1.0.1","Apache-2.0"
"@humanwhocodes/object-schema","2.0.3","pkg:npm/@humanwhocodes/object-schema@2.0.3","BSD-3-Clause"
"@isaacs/cliui","8.0.2","pkg:npm/@isaacs/cliui@8.0.2","ISC"
"@istanbuljs/load-nyc-config","1.1.0","pkg:npm/@istanbuljs/load-nyc-config@1.1.0","ISC"
"@istanbuljs/schema","0.1.3","pkg:npm/@istanbuljs/schema@0.1.3","MIT"
"@jest/console","27.5.1","pkg:npm/@jest/console@27.5.1","MIT"
"@jest/console","28.1.3","pkg:npm/@jest/console@28.1.3","MIT"
"@jest/core","27.5.1","pkg:npm/@jest/core@27.5.1","MIT"
"@jest/environment","27.5.1","pkg:npm/@jest/environment@27.5.1","MIT"
"@jest/fake-timers","27.5.1","pkg:npm/@jest/fake-timers@27.5.1","MIT"
"@jest/globals","27.5.1","pkg:npm/@jest/globals@27.5.1","MIT"
"@jest/reporters","27.5.1","pkg:npm/@jest/reporters@27.5.1","MIT"
"@jest/schemas","28.1.3","pkg:npm/@jest/schemas@28.1.3","MIT"
"@jest/source-map","27.5.1","pkg:npm/@jest/source-map@27.5.1","MIT"
"@jest/test-result","27.5.1","pkg:npm/@jest/test-result@27.5.1","MIT"
"@jest/test-result","28.1.3","pkg:npm/@jest/test-result@28.1.3","MIT"
"@jest/test-sequencer","27.5.1","pkg:npm/@jest/test-sequencer@27.5.1","MIT"
"@jest/transform","27.5.1","pkg:npm/@jest/transform@27.5.1","MIT"
"@jest/types","27.5.1","pkg:npm/@jest/types@27.5.1","MIT"
"@jest/types","28.1.3","pkg:npm/@jest/types@28.1.3","MIT"
"@jridgewell/gen-mapping","0.3.13","pkg:npm/@jridgewell/gen-mapping@0.3.13","MIT"
"@jridgewell/resolve-uri","3.1.2","pkg:npm/@jridgewell/resolve-uri@3.1.2","MIT"
"@jridgewell/source-map","0.3.11","pkg:npm/@jridgewell/source-map@0.3.11","MIT"
"@jridgewell/sourcemap-codec","1.5.5","pkg:npm/@jridgewell/sourcemap-codec@1.5.5","MIT"
"@jridgewell/trace-mapping","0.3.30","pkg:npm/@jridgewell/trace-mapping@0.3.30","MIT"
"@jsonjoy.com/base64","1.1.2","pkg:npm/@jsonjoy.com/base64@1.1.2","Apache-2.0"
"@jsonjoy.com/buffers","1.0.0","pkg:npm/@jsonjoy.com/buffers@1.0.0","Apache-2.0"
"@jsonjoy.com/codegen","1.0.0","pkg:npm/@jsonjoy.com/codegen@1.0.0","Apache-2.0"
"@jsonjoy.com/json-pack","1.14.0","pkg:npm/@jsonjoy.com/json-pack@1.14.0","Apache-2.0"
"@jsonjoy.com/json-pointer","1.0.2","pkg:npm/@jsonjoy.com/json-pointer@1.0.2","Apache-2.0"
"@jsonjoy.com/util","1.9.0","pkg:npm/@jsonjoy.com/util@1.9.0","Apache-2.0"
"@kurkle/color","0.3.4","pkg:npm/@kurkle/color@0.3.4","MIT"
"@leichtgewicht/ip-codec","2.0.5","pkg:npm/@leichtgewicht/ip-codec@2.0.5","MIT"
"@mui/base","5.0.0-alpha.128","pkg:npm/@mui/base@5.0.0-alpha.128","MIT"
"@mui/core-downloads-tracker","5.18.0","pkg:npm/@mui/core-downloads-tracker@5.18.0","MIT"
"@mui/icons-material","5.11.16","pkg:npm/@mui/icons-material@5.11.16","MIT"
"@mui/material","5.12.3","pkg:npm/@mui/material@5.12.3","MIT"
"@mui/private-theming","5.17.1","pkg:npm/@mui/private-theming@5.17.1","MIT"
"@mui/styled-engine","5.18.0","pkg:npm/@mui/styled-engine@5.18.0","MIT"
"@mui/system","5.18.0","pkg:npm/@mui/system@5.18.0","MIT"
"@mui/types","7.2.24","pkg:npm/@mui/types@7.2.24","MIT"
"@mui/types","7.4.5","pkg:npm/@mui/types@7.4.5","MIT"
"@mui/utils","5.17.1","pkg:npm/@mui/utils@5.17.1","MIT"
"@nicolo-ribaudo/eslint-scope-5-internals","5.1.1-v1","pkg:npm/@nicolo-ribaudo/eslint-scope-5-internals@5.1.1-v1","MIT"
"@nodelib/fs.scandir","2.1.5","pkg:npm/@nodelib/fs.scandir@2.1.5","MIT"
"@nodelib/fs.stat","2.0.5","pkg:npm/@nodelib/fs.stat@2.0.5","MIT"
"@nodelib/fs.walk","1.2.8","pkg:npm/@nodelib/fs.walk@1.2.8","MIT"
"@pkgjs/parseargs","0.11.0","pkg:npm/@pkgjs/parseargs@0.11.0","MIT"
"@pmmmwh/react-refresh-webpack-plugin","0.5.17","pkg:npm/@pmmmwh/react-refresh-webpack-plugin@0.5.17","MIT"
"@popperjs/core","2.11.8","pkg:npm/@popperjs/core@2.11.8","MIT"
"@remix-run/router","1.6.0","pkg:npm/@remix-run/router@1.6.0","MIT"
"@rollup/plugin-babel","5.3.1","pkg:npm/@rollup/plugin-babel@5.3.1","MIT"
"@rollup/plugin-node-resolve","11.2.1","pkg:npm/@rollup/plugin-node-resolve@11.2.1","MIT"
"@rollup/plugin-replace","2.4.2","pkg:npm/@rollup/plugin-replace@2.4.2","MIT"
"@rollup/pluginutils","3.1.0","pkg:npm/@rollup/pluginutils@3.1.0","MIT"
"@rushstack/eslint-patch","1.12.0","pkg:npm/@rushstack/eslint-patch@1.12.0","MIT"
"@sinclair/typebox","0.24.51","pkg:npm/@sinclair/typebox@0.24.51","MIT"
"@sinonjs/commons","1.8.6","pkg:npm/@sinonjs/commons@1.8.6","BSD-3-Clause"
"@sinonjs/fake-timers","8.1.0","pkg:npm/@sinonjs/fake-timers@8.1.0","BSD-3-Clause"
"@surma/rollup-plugin-off-main-thread","2.2.3","pkg:npm/@surma/rollup-plugin-off-main-thread@2.2.3","Apache-2.0"
"@svgr/babel-plugin-add-jsx-attribute","5.4.0","pkg:npm/@svgr/babel-plugin-add-jsx-attribute@5.4.0","MIT"
"@svgr/babel-plugin-remove-jsx-attribute","5.4.0","pkg:npm/@svgr/babel-plugin-remove-jsx-attribute@5.4.0","MIT"
"@svgr/babel-plugin-remove-jsx-empty-expression","5.0.1","pkg:npm/@svgr/babel-plugin-remove-jsx-empty-expression@5.0.1","MIT"
"@svgr/babel-plugin-replace-jsx-attribute-value","5.0.1","pkg:npm/@svgr/babel-plugin-replace-jsx-attribute-value@5.0.1","MIT"
"@svgr/babel-plugin-svg-dynamic-title","5.4.0","pkg:npm/@svgr/babel-plugin-svg-dynamic-title@5.4.0","MIT"
"@svgr/babel-plugin-svg-em-dimensions","5.4.0","pkg:npm/@svgr/babel-plugin-svg-em-dimensions@5.4.0","MIT"
"@svgr/babel-plugin-transform-react-native-svg","5.4.0","pkg:npm/@svgr/babel-plugin-transform-react-native-svg@5.4.0","MIT"
"@svgr/babel-plugin-transform-svg-component","5.5.0","pkg:npm/@svgr/babel-plugin-transform-svg-component@5.5.0","MIT"
"@svgr/babel-preset","5.5.0","pkg:npm/@svgr/babel-preset@5.5.0","MIT"
"@svgr/core","5.5.0","pkg:npm/@svgr/core@5.5.0","MIT"
"@svgr/hast-util-to-babel-ast","5.5.0","pkg:npm/@svgr/hast-util-to-babel-ast@5.5.0","MIT"
"@svgr/plugin-jsx","5.5.0","pkg:npm/@svgr/plugin-jsx@5.5.0","MIT"
"@svgr/plugin-svgo","5.5.0","pkg:npm/@svgr/plugin-svgo@5.5.0","MIT"
"@svgr/webpack","5.5.0","pkg:npm/@svgr/webpack@5.5.0","MIT"
"@tootallnate/once","1.1.2","pkg:npm/@tootallnate/once@1.1.2","MIT"
"@trysound/sax","0.2.0","pkg:npm/@trysound/sax@0.2.0","ISC"
"@types/babel__core","7.20.5","pkg:npm/@types/babel__core@7.20.5","MIT"
"@types/babel__generator","7.27.0","pkg:npm/@types/babel__generator@7.27.0","MIT"
"@types/babel__template","7.4.4","pkg:npm/@types/babel__template@7.4.4","MIT"
"@types/babel__traverse","7.28.0","pkg:npm/@types/babel__traverse@7.28.0","MIT"
"@types/body-parser","1.19.6","pkg:npm/@types/body-parser@1.19.6","MIT"
"@types/bonjour","3.5.13","pkg:npm/@types/bonjour@3.5.13","MIT"
"@types/connect","3.4.38","pkg:npm/@types/connect@3.4.38","MIT"
"@types/connect-history-api-fallback","1.5.4","pkg:npm/@types/connect-history-api-fallback@1.5.4","MIT"
"@types/eslint","8.56.12","pkg:npm/@types/eslint@8.56.12","MIT"
"@types/eslint-scope","3.7.7","pkg:npm/@types/eslint-scope@3.7.7","MIT"
"@types/estree","0.0.39","pkg:npm/@types/estree@0.0.39","MIT"
"@types/estree","1.0.8","pkg:npm/@types/estree@1.0.8","MIT"
"@types/express","4.17.23","pkg:npm/@types/express@4.17.23","MIT"
"@types/express-serve-static-core","4.19.6","pkg:npm/@types/express-serve-static-core@4.19.6","MIT"
"@types/express-serve-static-core","5.0.7","pkg:npm/@types/express-serve-static-core@5.0.7","MIT"
"@types/graceful-fs","4.1.9","pkg:npm/@types/graceful-fs@4.1.9","MIT"
"@types/html-minifier-terser","6.1.0","pkg:npm/@types/html-minifier-terser@6.1.0","MIT"
"@types/http-errors","2.0.5","pkg:npm/@types/http-errors@2.0.5","MIT"
"@types/http-proxy","1.17.16","pkg:npm/@types/http-proxy@1.17.16","MIT"
"@types/istanbul-lib-coverage","2.0.6","pkg:npm/@types/istanbul-lib-coverage@2.0.6","MIT"
"@types/istanbul-lib-report","3.0.3","pkg:npm/@types/istanbul-lib-report@3.0.3","MIT"
"@types/istanbul-reports","3.0.4","pkg:npm/@types/istanbul-reports@3.0.4","MIT"
"@types/json5","0.0.29","pkg:npm/@types/json5@0.0.29","MIT"
"@types/json-schema","7.0.15","pkg:npm/@types/json-schema@7.0.15","MIT"
"@types/mime","1.3.5","pkg:npm/@types/mime@1.3.5","MIT"
"@types/node","24.3.0","pkg:npm/@types/node@24.3.0","MIT"
"@types/node-forge","1.3.14","pkg:npm/@types/node-forge@1.3.14","MIT"
"@types/parse-json","4.0.2","pkg:npm/@types/parse-json@4.0.2","MIT"
"@types/prettier","2.7.3","pkg:npm/@types/prettier@2.7.3","MIT"
"@types/prop-types","15.7.15","pkg:npm/@types/prop-types@15.7.15","MIT"
"@types/qs","6.14.0","pkg:npm/@types/qs@6.14.0","MIT"
"@types/range-parser","1.2.7","pkg:npm/@types/range-parser@1.2.7","MIT"
"@types/react-transition-group","4.4.12","pkg:npm/@types/react-transition-group@4.4.12","MIT"
"@types/resolve","1.17.1","pkg:npm/@types/resolve@1.17.1","MIT"
"@types/retry","0.12.2","pkg:npm/@types/retry@0.12.2","MIT"
"@types/semver","7.7.0","pkg:npm/@types/semver@7.7.0","MIT"
"@types/send","0.17.5","pkg:npm/@types/send@0.17.5","MIT"
"@types/serve-index","1.9.4","pkg:npm/@types/serve-index@1.9.4","MIT"
"@types/serve-static","1.15.8","pkg:npm/@types/serve-static@1.15.8","MIT"
"@types/sockjs","0.3.36","pkg:npm/@types/sockjs@0.3.36","MIT"
"@types/stack-utils","2.0.3","pkg:npm/@types/stack-utils@2.0.3","MIT"
"@types/trusted-types","2.0.7","pkg:npm/@types/trusted-types@2.0.7","MIT"
"@types/ws","8.18.1","pkg:npm/@types/ws@8.18.1","MIT"
"@types/yargs","16.0.9","pkg:npm/@types/yargs@16.0.9","MIT"
"@types/yargs","17.0.33","pkg:npm/@types/yargs@17.0.33","MIT"
"@types/yargs-parser","21.0.3","pkg:npm/@types/yargs-parser@21.0.3","MIT"
"@typescript-eslint/eslint-plugin","5.62.0","pkg:npm/@typescript-eslint/eslint-plugin@5.62.0","MIT"
"@typescript-eslint/experimental-utils","5.62.0","pkg:npm/@typescript-eslint/experimental-utils@5.62.0","MIT"
"@typescript-eslint/parser","5.62.0","pkg:npm/@typescript-eslint/parser@5.62.0","BSD-2-Clause"
"@typescript-eslint/scope-manager","5.62.0","pkg:npm/@typescript-eslint/scope-manager@5.62.0","MIT"
"@typescript-eslint/types","5.62.0","pkg:npm/@typescript-eslint/types@5.62.0","MIT"
"@typescript-eslint/typescript-estree","5.62.0","pkg:npm/@typescript-eslint/typescript-estree@5.62.0","BSD-2-Clause"
"@typescript-eslint/type-utils","5.62.0","pkg:npm/@typescript-eslint/type-utils@5.62.0","MIT"
"@typescript-eslint/utils","5.62.0","pkg:npm/@typescript-eslint/utils@5.62.0","MIT"
"@typescript-eslint/visitor-keys","5.62.0","pkg:npm/@typescript-eslint/visitor-keys@5.62.0","MIT"
"@webassemblyjs/ast","1.14.1","pkg:npm/@webassemblyjs/ast@1.14.1","MIT"
"@webassemblyjs/floating-point-hex-parser","1.13.2","pkg:npm/@webassemblyjs/floating-point-hex-parser@1.13.2","MIT"
"@webassemblyjs/helper-api-error","1.13.2","pkg:npm/@webassemblyjs/helper-api-error@1.13.2","MIT"
"@webassemblyjs/helper-buffer","1.14.1","pkg:npm/@webassemblyjs/helper-buffer@1.14.1","MIT"
"@webassemblyjs/helper-numbers","1.13.2","pkg:npm/@webassemblyjs/helper-numbers@1.13.2","MIT"
"@webassemblyjs/helper-wasm-bytecode","1.13.2","pkg:npm/@webassemblyjs/helper-wasm-bytecode@1.13.2","MIT"
"@webassemblyjs/helper-wasm-section","1.14.1","pkg:npm/@webassemblyjs/helper-wasm-section@1.14.1","MIT"
"@webassemblyjs/ieee754","1.13.2","pkg:npm/@webassemblyjs/ieee754@1.13.2","MIT"
"@webassemblyjs/leb128","1.13.2","pkg:npm/@webassemblyjs/leb128@1.13.2","Apache-2.0"
"@webassemblyjs/utf8","1.13.2","pkg:npm/@webassemblyjs/utf8@1.13.2","MIT"
"@webassemblyjs/wasm-edit","1.14.1","pkg:npm/@webassemblyjs/wasm-edit@1.14.1","MIT"
"@webassemblyjs/wasm-gen","1.14.1","pkg:npm/@webassemblyjs/wasm-gen@1.14.1","MIT"
"@webassemblyjs/wasm-opt","1.14.1","pkg:npm/@webassemblyjs/wasm-opt@1.14.1","MIT"
"@webassemblyjs/wasm-parser","1.14.1","pkg:npm/@webassemblyjs/wasm-parser@1.14.1","MIT"
"@webassemblyjs/wast-printer","1.14.1","pkg:npm/@webassemblyjs/wast-printer@1.14.1","MIT"
"@xtuc/ieee754","1.2.0","pkg:npm/@xtuc/ieee754@1.2.0","BSD-3-Clause"
"@xtuc/long","4.2.2","pkg:npm/@xtuc/long@4.2.2","Apache-2.0"
"abab","2.0.6","pkg:npm/abab@2.0.6","BSD-3-Clause"
"accepts","1.3.8","pkg:npm/accepts@1.3.8","MIT"
"acorn","7.4.1","pkg:npm/acorn@7.4.1","MIT"
"acorn","8.15.0","pkg:npm/acorn@8.15.0","MIT"
"acorn-globals","6.0.0","pkg:npm/acorn-globals@6.0.0","MIT"
"acorn-import-phases","1.0.4","pkg:npm/acorn-import-phases@1.0.4","MIT"
"acorn-jsx","5.3.2","pkg:npm/acorn-jsx@5.3.2","MIT"
"acorn-walk","7.2.0","pkg:npm/acorn-walk@7.2.0","MIT"
"address","1.2.2","pkg:npm/address@1.2.2","MIT"
"adjust-sourcemap-loader","4.0.0","pkg:npm/adjust-sourcemap-loader@4.0.0","MIT"
"agent-base","6.0.2","pkg:npm/agent-base@6.0.2","MIT"
"ajv","6.12.6","pkg:npm/ajv@6.12.6","MIT"
"ajv","7.2.4","pkg:npm/ajv@7.2.4","MIT"
"ajv","8.17.1","pkg:npm/ajv@8.17.1","MIT"
"ajv-formats","2.1.1","pkg:npm/ajv-formats@2.1.1","MIT"
"ajv-formats-draft2019","1.6.1","pkg:npm/ajv-formats-draft2019@1.6.1","MIT"
"ajv-keywords","3.5.2","pkg:npm/ajv-keywords@3.5.2","MIT"
"ajv-keywords","5.1.0","pkg:npm/ajv-keywords@5.1.0","MIT"
"ansi-escapes","4.3.2","pkg:npm/ansi-escapes@4.3.2","MIT"
"ansi-html","0.0.9","pkg:npm/ansi-html@0.0.9","Apache-2.0"
"ansi-html-community","0.0.8","pkg:npm/ansi-html-community@0.0.8","Apache-2.0"
"ansi-regex","5.0.1","pkg:npm/ansi-regex@5.0.1","MIT"
"ansi-regex","6.2.0","pkg:npm/ansi-regex@6.2.0","MIT"
"ansi-styles","4.3.0","pkg:npm/ansi-styles@4.3.0","MIT"
"ansi-styles","5.2.0","pkg:npm/ansi-styles@5.2.0","MIT"
"ansi-styles","6.2.1","pkg:npm/ansi-styles@6.2.1","MIT"
"anymatch","3.1.3","pkg:npm/anymatch@3.1.3","ISC"
"any-promise","1.3.0","pkg:npm/any-promise@1.3.0","MIT"
"arg","5.0.2","pkg:npm/arg@5.0.2","MIT"
"argparse","1.0.10","pkg:npm/argparse@1.0.10","MIT"
"argparse","2.0.1","pkg:npm/argparse@2.0.1","Python-2.0"
"aria-query","5.3.2","pkg:npm/aria-query@5.3.2","Apache-2.0"
"array.prototype.flat","1.3.3","pkg:npm/array.prototype.flat@1.3.3","MIT"
"array.prototype.flatmap","1.3.3","pkg:npm/array.prototype.flatmap@1.3.3","MIT"
"array.prototype.tosorted","1.1.4","pkg:npm/array.prototype.tosorted@1.1.4","MIT"
"arraybuffer.prototype.slice","1.0.4","pkg:npm/arraybuffer.prototype.slice@1.0.4","MIT"
"array-buffer-byte-length","1.0.2","pkg:npm/array-buffer-byte-length@1.0.2","MIT"
"array-flatten","1.1.1","pkg:npm/array-flatten@1.1.1","MIT"
"array-includes","3.1.9","pkg:npm/array-includes@3.1.9","MIT"
"array-union","2.1.0","pkg:npm/array-union@2.1.0","MIT"
"asap","2.0.6","pkg:npm/asap@2.0.6","MIT"
"ast-types-flow","0.0.7","pkg:npm/ast-types-flow@0.0.7","ISC"
"async","3.2.6","pkg:npm/async@3.2.6","MIT"
"async-function","1.0.0","pkg:npm/async-function@1.0.0","MIT"
"asynckit","0.4.0","pkg:npm/asynckit@0.4.0","MIT"
"at-least-node","1.0.0","pkg:npm/at-least-node@1.0.0","ISC"
"autoprefixer","10.4.21","pkg:npm/autoprefixer@10.4.21","MIT"
"available-typed-arrays","1.0.7","pkg:npm/available-typed-arrays@1.0.7","MIT"
"axe-core","4.10.3","pkg:npm/axe-core@4.10.3","MPL-2.0"
"axobject-query","3.2.4","pkg:npm/axobject-query@3.2.4","Apache-2.0"
"babel-jest","27.5.1","pkg:npm/babel-jest@27.5.1","MIT"
"babel-loader","8.4.1","pkg:npm/babel-loader@8.4.1","MIT"
"babel-plugin-istanbul","6.1.1","pkg:npm/babel-plugin-istanbul@6.1.1","BSD-3-Clause"
"babel-plugin-jest-hoist","27.5.1","pkg:npm/babel-plugin-jest-hoist@27.5.1","MIT"
"babel-plugin-macros","3.1.0","pkg:npm/babel-plugin-macros@3.1.0","MIT"
"babel-plugin-named-asset-import","0.3.8","pkg:npm/babel-plugin-named-asset-import@0.3.8","MIT"
"babel-plugin-polyfill-corejs2","0.4.14","pkg:npm/babel-plugin-polyfill-corejs2@0.4.14","MIT"
"babel-plugin-polyfill-corejs3","0.13.0","pkg:npm/babel-plugin-polyfill-corejs3@0.13.0","MIT"
"babel-plugin-polyfill-regenerator","0.6.5","pkg:npm/babel-plugin-polyfill-regenerator@0.6.5","MIT"
"babel-plugin-transform-react-remove-prop-types","0.4.24","pkg:npm/babel-plugin-transform-react-remove-prop-types@0.4.24","MIT"
"babel-preset-current-node-syntax","1.2.0","pkg:npm/babel-preset-current-node-syntax@1.2.0","MIT"
"babel-preset-jest","27.5.1","pkg:npm/babel-preset-jest@27.5.1","MIT"
"babel-preset-react-app","10.1.0","pkg:npm/babel-preset-react-app@10.1.0","MIT"
"balanced-match","1.0.2","pkg:npm/balanced-match@1.0.2","MIT"
"batch","0.6.1","pkg:npm/batch@0.6.1","MIT"
"bfj","7.1.0","pkg:npm/bfj@7.1.0","MIT"
"big.js","5.2.2","pkg:npm/big.js@5.2.2","MIT"
"binary-extensions","2.3.0","pkg:npm/binary-extensions@2.3.0","MIT"
"bluebird","3.7.2","pkg:npm/bluebird@3.7.2","MIT"
"body-parser","1.20.3","pkg:npm/body-parser@1.20.3","MIT"
"bonjour-service","1.3.0","pkg:npm/bonjour-service@1.3.0","MIT"
"boolbase","1.0.0","pkg:npm/boolbase@1.0.0","ISC"
"brace-expansion","1.1.12","pkg:npm/brace-expansion@1.1.12","MIT"
"brace-expansion","2.0.2","pkg:npm/brace-expansion@2.0.2","MIT"
"braces","3.0.3","pkg:npm/braces@3.0.3","MIT"
"browser-process-hrtime","1.0.0","pkg:npm/browser-process-hrtime@1.0.0","BSD-2-Clause"
"browserslist","4.25.4","pkg:npm/browserslist@4.25.4","MIT"
"bser","2.1.1","pkg:npm/bser@2.1.1","Apache-2.0"
"buffer-from","1.1.2","pkg:npm/buffer-from@1.1.2","MIT"
"builtin-modules","3.3.0","pkg:npm/builtin-modules@3.3.0","MIT"
"bundle-name","4.1.0","pkg:npm/bundle-name@4.1.0","MIT"
"bytes","3.1.2","pkg:npm/bytes@3.1.2","MIT"
"call-bind","1.0.8","pkg:npm/call-bind@1.0.8","MIT"
"call-bind-apply-helpers","1.0.2","pkg:npm/call-bind-apply-helpers@1.0.2","MIT"
"call-bound","1.0.4","pkg:npm/call-bound@1.0.4","MIT"
"callsites","3.1.0","pkg:npm/callsites@3.1.0","MIT"
"camelcase","5.3.1","pkg:npm/camelcase@5.3.1","MIT"
"camelcase","6.3.0","pkg:npm/camelcase@6.3.0","MIT"
"camel-case","4.1.2","pkg:npm/camel-case@4.1.2","MIT"
"camelcase-css","2.0.1","pkg:npm/camelcase-css@2.0.1","MIT"
"caniuse-api","3.0.0","pkg:npm/caniuse-api@3.0.0","MIT"
"caniuse-lite","1.0.30001739","pkg:npm/caniuse-lite@1.0.30001739","CC-BY-4.0"
"case-sensitive-paths-webpack-plugin","2.4.0","pkg:npm/case-sensitive-paths-webpack-plugin@2.4.0","MIT"
"chalk","4.1.2","pkg:npm/chalk@4.1.2","MIT"
"char-regex","1.0.2","pkg:npm/char-regex@1.0.2","MIT"
"char-regex","2.0.2","pkg:npm/char-regex@2.0.2","MIT"
"chart.js","4.3.0","pkg:npm/chart.js@4.3.0","MIT"
"check-types","11.2.3","pkg:npm/check-types@11.2.3","MIT"
"chokidar","3.6.0","pkg:npm/chokidar@3.6.0","MIT"
"chroma-js","2.4.2","pkg:npm/chroma-js@2.4.2","(BSD-3-Clause AND Apache-2.0)"
"chrome-trace-event","1.0.4","pkg:npm/chrome-trace-event@1.0.4","MIT"
"ci-info","3.9.0","pkg:npm/ci-info@3.9.0","MIT"
"cjs-module-lexer","1.4.3","pkg:npm/cjs-module-lexer@1.4.3","MIT"
"clean-css","5.3.3","pkg:npm/clean-css@5.3.3","MIT"
"cliui","7.0.4","pkg:npm/cliui@7.0.4","ISC"
"clsx","1.2.1","pkg:npm/clsx@1.2.1","MIT"
"clsx","2.1.1","pkg:npm/clsx@2.1.1","MIT"
"co","4.6.0","pkg:npm/co@4.6.0","MIT"
"collect-v8-coverage","1.0.2","pkg:npm/collect-v8-coverage@1.0.2","MIT"
"color-convert","2.0.1","pkg:npm/color-convert@2.0.1","MIT"
"colord","2.9.3","pkg:npm/colord@2.9.3","MIT"
"colorette","2.0.20","pkg:npm/colorette@2.0.20","MIT"
"color-name","1.1.4","pkg:npm/color-name@1.1.4","MIT"
"combined-stream","1.0.8","pkg:npm/combined-stream@1.0.8","MIT"
"commander","2.20.3","pkg:npm/commander@2.20.3","MIT"
"commander","4.1.1","pkg:npm/commander@4.1.1","MIT"
"commander","7.2.0","pkg:npm/commander@7.2.0","MIT"
"commander","8.3.0","pkg:npm/commander@8.3.0","MIT"
"commondir","1.0.1","pkg:npm/commondir@1.0.1","MIT"
"common-tags","1.8.2","pkg:npm/common-tags@1.8.2","MIT"
"compressible","2.0.18","pkg:npm/compressible@2.0.18","MIT"
"compression","1.8.1","pkg:npm/compression@1.8.1","MIT"
"concat-map","0.0.1","pkg:npm/concat-map@0.0.1","MIT"
"confusing-browser-globals","1.0.11","pkg:npm/confusing-browser-globals@1.0.11","MIT"
"connect-history-api-fallback","2.0.0","pkg:npm/connect-history-api-fallback@2.0.0","MIT"
"content-disposition","0.5.4","pkg:npm/content-disposition@0.5.4","MIT"
"content-type","1.0.5","pkg:npm/content-type@1.0.5","MIT"
"convert-source-map","1.9.0","pkg:npm/convert-source-map@1.9.0","MIT"
"convert-source-map","2.0.0","pkg:npm/convert-source-map@2.0.0","MIT"
"cookie","0.7.1","pkg:npm/cookie@0.7.1","MIT"
"cookie-signature","1.0.6","pkg:npm/cookie-signature@1.0.6","MIT"
"core-js","3.45.1","pkg:npm/core-js@3.45.1","MIT"
"core-js-compat","3.45.1","pkg:npm/core-js-compat@3.45.1","MIT"
"core-js-pure","3.45.1","pkg:npm/core-js-pure@3.45.1","MIT"
"core-util-is","1.0.3","pkg:npm/core-util-is@1.0.3","MIT"
"cosmiconfig","6.0.0","pkg:npm/cosmiconfig@6.0.0","MIT"
"cosmiconfig","7.1.0","pkg:npm/cosmiconfig@7.1.0","MIT"
"cross-spawn","7.0.6","pkg:npm/cross-spawn@7.0.6","MIT"
"crypto-random-string","2.0.0","pkg:npm/crypto-random-string@2.0.0","MIT"
"css-blank-pseudo","3.0.3","pkg:npm/css-blank-pseudo@3.0.3","CC0-1.0"
"cssdb","7.11.2","pkg:npm/cssdb@7.11.2","CC0-1.0"
"css-declaration-sorter","6.4.1","pkg:npm/css-declaration-sorter@6.4.1","ISC"
"cssesc","3.0.0","pkg:npm/cssesc@3.0.0","MIT"
"css-has-pseudo","3.0.4","pkg:npm/css-has-pseudo@3.0.4","CC0-1.0"
"cssjanus","2.3.0","pkg:npm/cssjanus@2.3.0","Apache-2.0"
"css-loader","6.11.0","pkg:npm/css-loader@6.11.0","MIT"
"css-minimizer-webpack-plugin","3.4.1","pkg:npm/css-minimizer-webpack-plugin@3.4.1","MIT"
"cssnano","5.1.15","pkg:npm/cssnano@5.1.15","MIT"
"cssnano-preset-default","5.2.14","pkg:npm/cssnano-preset-default@5.2.14","MIT"
"cssnano-utils","3.1.0","pkg:npm/cssnano-utils@3.1.0","MIT"
"csso","5.0.5","pkg:npm/csso@5.0.5","MIT"
"cssom","0.3.8","pkg:npm/cssom@0.3.8","MIT"
"cssom","0.4.4","pkg:npm/cssom@0.4.4","MIT"
"css-prefers-color-scheme","6.0.3","pkg:npm/css-prefers-color-scheme@6.0.3","CC0-1.0"
"css-select","4.3.0","pkg:npm/css-select@4.3.0","BSD-2-Clause"
"css-select","5.2.2","pkg:npm/css-select@5.2.2","BSD-2-Clause"
"cssstyle","2.3.0","pkg:npm/cssstyle@2.3.0","MIT"
"css-tree","2.2.1","pkg:npm/css-tree@2.2.1","MIT"
"css-tree","2.3.1","pkg:npm/css-tree@2.3.1","MIT"
"csstype","3.1.3","pkg:npm/csstype@3.1.3","MIT"
"css-what","6.2.2","pkg:npm/css-what@6.2.2","BSD-2-Clause"
"damerau-levenshtein","1.0.8","pkg:npm/damerau-levenshtein@1.0.8","BSD-2-Clause"
"data-urls","2.0.0","pkg:npm/data-urls@2.0.0","MIT"
"data-view-buffer","1.0.2","pkg:npm/data-view-buffer@1.0.2","MIT"
"data-view-byte-length","1.0.2","pkg:npm/data-view-byte-length@1.0.2","MIT"
"data-view-byte-offset","1.0.1","pkg:npm/data-view-byte-offset@1.0.1","MIT"
"debug","2.6.9","pkg:npm/debug@2.6.9","MIT"
"debug","3.2.7","pkg:npm/debug@3.2.7","MIT"
"debug","4.4.1","pkg:npm/debug@4.4.1","MIT"
"decimal.js","10.6.0","pkg:npm/decimal.js@10.6.0","MIT"
"dedent","0.7.0","pkg:npm/dedent@0.7.0","MIT"
"deep-is","0.1.4","pkg:npm/deep-is@0.1.4","MIT"
"deepmerge","4.3.1","pkg:npm/deepmerge@4.3.1","MIT"
"default-browser","5.2.1","pkg:npm/default-browser@5.2.1","MIT"
"default-browser-id","5.0.0","pkg:npm/default-browser-id@5.0.0","MIT"
"define-data-property","1.1.4","pkg:npm/define-data-property@1.1.4","MIT"
"define-lazy-prop","2.0.0","pkg:npm/define-lazy-prop@2.0.0","MIT"
"define-lazy-prop","3.0.0","pkg:npm/define-lazy-prop@3.0.0","MIT"
"define-properties","1.2.1","pkg:npm/define-properties@1.2.1","MIT"
"delayed-stream","1.0.0","pkg:npm/delayed-stream@1.0.0","MIT"
"depd","1.1.2","pkg:npm/depd@1.1.2","MIT"
"depd","2.0.0","pkg:npm/depd@2.0.0","MIT"
"destroy","1.2.0","pkg:npm/destroy@1.2.0","MIT"
"detect-newline","3.1.0","pkg:npm/detect-newline@3.1.0","MIT"
"detect-node","2.1.0","pkg:npm/detect-node@2.1.0","MIT"
"detect-port-alt","1.1.6","pkg:npm/detect-port-alt@1.1.6","MIT"
"didyoumean","1.2.2","pkg:npm/didyoumean@1.2.2","Apache-2.0"
"diff-sequences","27.5.1","pkg:npm/diff-sequences@27.5.1","MIT"
"dir-glob","3.0.1","pkg:npm/dir-glob@3.0.1","MIT"
"discontinuous-range","1.0.0","pkg:npm/discontinuous-range@1.0.0","MIT"
"dlv","1.1.3","pkg:npm/dlv@1.1.3","MIT"
"dns-packet","5.6.1","pkg:npm/dns-packet@5.6.1","MIT"
"doctrine","2.1.0","pkg:npm/doctrine@2.1.0","Apache-2.0"
"doctrine","3.0.0","pkg:npm/doctrine@3.0.0","Apache-2.0"
"dom-converter","0.2.0","pkg:npm/dom-converter@0.2.0","MIT"
"domelementtype","2.3.0","pkg:npm/domelementtype@2.3.0","BSD-2-Clause"
"domexception","2.0.1","pkg:npm/domexception@2.0.1","MIT"
"domhandler","4.3.1","pkg:npm/domhandler@4.3.1","BSD-2-Clause"
"domhandler","5.0.3","pkg:npm/domhandler@5.0.3","BSD-2-Clause"
"dom-helpers","5.2.1","pkg:npm/dom-helpers@5.2.1","MIT"
"dom-serializer","1.4.1","pkg:npm/dom-serializer@1.4.1","MIT"
"dom-serializer","2.0.0","pkg:npm/dom-serializer@2.0.0","MIT"
"domutils","2.8.0","pkg:npm/domutils@2.8.0","BSD-2-Clause"
"domutils","3.2.2","pkg:npm/domutils@3.2.2","BSD-2-Clause"
"dot-case","3.0.4","pkg:npm/dot-case@3.0.4","MIT"
"dotenv","10.0.0","pkg:npm/dotenv@10.0.0","BSD-2-Clause"
"dotenv-expand","5.1.0","pkg:npm/dotenv-expand@5.1.0","BSD-2-Clause"
"dunder-proto","1.0.1","pkg:npm/dunder-proto@1.0.1","MIT"
"duplexer","0.1.2","pkg:npm/duplexer@0.1.2","MIT"
"eastasianwidth","0.2.0","pkg:npm/eastasianwidth@0.2.0","MIT"
"ee-first","1.1.1","pkg:npm/ee-first@1.1.1","MIT"
"ejs","3.1.10","pkg:npm/ejs@3.1.10","Apache-2.0"
"electron-to-chromium","1.5.211","pkg:npm/electron-to-chromium@1.5.211","ISC"
"emittery","0.10.2","pkg:npm/emittery@0.10.2","MIT"
"emittery","0.8.1","pkg:npm/emittery@0.8.1","MIT"
"emoji-regex","8.0.0","pkg:npm/emoji-regex@8.0.0","MIT"
"emoji-regex","9.2.2","pkg:npm/emoji-regex@9.2.2","MIT"
"emojis-list","3.0.0","pkg:npm/emojis-list@3.0.0","MIT"
"encodeurl","1.0.2","pkg:npm/encodeurl@1.0.2","MIT"
"encodeurl","2.0.0","pkg:npm/encodeurl@2.0.0","MIT"
"encoding","0.1.13","pkg:npm/encoding@0.1.13","MIT"
"enhanced-resolve","5.18.3","pkg:npm/enhanced-resolve@5.18.3","MIT"
"entities","2.2.0","pkg:npm/entities@2.2.0","BSD-2-Clause"
"entities","4.5.0","pkg:npm/entities@4.5.0","BSD-2-Clause"
"error-ex","1.3.2","pkg:npm/error-ex@1.3.2","MIT"
"error-stack-parser","2.1.4","pkg:npm/error-stack-parser@2.1.4","MIT"
"es-abstract","1.24.0","pkg:npm/es-abstract@1.24.0","MIT"
"escalade","3.2.0","pkg:npm/escalade@3.2.0","MIT"
"escape-html","1.0.3","pkg:npm/escape-html@1.0.3","MIT"
"escape-string-regexp","2.0.0","pkg:npm/escape-string-regexp@2.0.0","MIT"
"escape-string-regexp","4.0.0","pkg:npm/escape-string-regexp@4.0.0","MIT"
"escodegen","1.14.3","pkg:npm/escodegen@1.14.3","BSD-2-Clause"
"escodegen","2.1.0","pkg:npm/escodegen@2.1.0","BSD-2-Clause"
"es-define-property","1.0.1","pkg:npm/es-define-property@1.0.1","MIT"
"es-errors","1.3.0","pkg:npm/es-errors@1.3.0","MIT"
"eslint","8.39.0","pkg:npm/eslint@8.39.0","MIT"
"eslint-config-prettier","8.8.0","pkg:npm/eslint-config-prettier@8.8.0","MIT"
"eslint-config-react-app","7.0.1","pkg:npm/eslint-config-react-app@7.0.1","MIT"
"eslint-import-resolver-node","0.3.9","pkg:npm/eslint-import-resolver-node@0.3.9","MIT"
"eslint-module-utils","2.12.1","pkg:npm/eslint-module-utils@2.12.1","MIT"
"eslint-plugin-flowtype","8.0.3","pkg:npm/eslint-plugin-flowtype@8.0.3","BSD-3-Clause"
"eslint-plugin-import","2.27.5","pkg:npm/eslint-plugin-import@2.27.5","MIT"
"eslint-plugin-jest","25.7.0","pkg:npm/eslint-plugin-jest@25.7.0","MIT"
"eslint-plugin-jsx-a11y","6.7.1","pkg:npm/eslint-plugin-jsx-a11y@6.7.1","MIT"
"eslint-plugin-prettier","4.2.1","pkg:npm/eslint-plugin-prettier@4.2.1","MIT"
"eslint-plugin-react","7.32.2","pkg:npm/eslint-plugin-react@7.32.2","MIT"
"eslint-plugin-react-hooks","4.6.0","pkg:npm/eslint-plugin-react-hooks@4.6.0","MIT"
"eslint-plugin-testing-library","5.11.1","pkg:npm/eslint-plugin-testing-library@5.11.1","MIT"
"eslint-scope","5.1.1","pkg:npm/eslint-scope@5.1.1","BSD-2-Clause"
"eslint-scope","7.2.2","pkg:npm/eslint-scope@7.2.2","BSD-2-Clause"
"eslint-visitor-keys","2.1.0","pkg:npm/eslint-visitor-keys@2.1.0","Apache-2.0"
"eslint-visitor-keys","3.4.3","pkg:npm/eslint-visitor-keys@3.4.3","Apache-2.0"
"eslint-webpack-plugin","3.2.0","pkg:npm/eslint-webpack-plugin@3.2.0","MIT"
"es-module-lexer","1.7.0","pkg:npm/es-module-lexer@1.7.0","MIT"
"es-object-atoms","1.1.1","pkg:npm/es-object-atoms@1.1.1","MIT"
"espree","9.6.1","pkg:npm/espree@9.6.1","BSD-2-Clause"
"esprima","1.2.2","pkg:npm/esprima@1.2.2",""
"esprima","4.0.1","pkg:npm/esprima@4.0.1","BSD-2-Clause"
"esquery","1.6.0","pkg:npm/esquery@1.6.0","BSD-3-Clause"
"esrecurse","4.3.0","pkg:npm/esrecurse@4.3.0","BSD-2-Clause"
"es-set-tostringtag","2.1.0","pkg:npm/es-set-tostringtag@2.1.0","MIT"
"es-shim-unscopables","1.1.0","pkg:npm/es-shim-unscopables@1.1.0","MIT"
"es-to-primitive","1.3.0","pkg:npm/es-to-primitive@1.3.0","MIT"
"estraverse","4.3.0","pkg:npm/estraverse@4.3.0","BSD-2-Clause"
"estraverse","5.3.0","pkg:npm/estraverse@5.3.0","BSD-2-Clause"
"estree-walker","1.0.1","pkg:npm/estree-walker@1.0.1","MIT"
"esutils","2.0.3","pkg:npm/esutils@2.0.3","BSD-2-Clause"
"etag","1.8.1","pkg:npm/etag@1.8.1","MIT"
"eventemitter3","4.0.7","pkg:npm/eventemitter3@4.0.7","MIT"
"events","3.3.0","pkg:npm/events@3.3.0","MIT"
"execa","5.1.1","pkg:npm/execa@5.1.1","MIT"
"exit","0.1.2","pkg:npm/exit@0.1.2",""
"expect","27.5.1","pkg:npm/expect@27.5.1","MIT"
"express","4.21.2","pkg:npm/express@4.21.2","MIT"
"extend","3.0.2","pkg:npm/extend@3.0.2","MIT"
"fast-deep-equal","3.1.3","pkg:npm/fast-deep-equal@3.1.3","MIT"
"fast-diff","1.3.0","pkg:npm/fast-diff@1.3.0","Apache-2.0"
"fast-glob","3.3.3","pkg:npm/fast-glob@3.3.3","MIT"
"fast-json-stable-stringify","2.1.0","pkg:npm/fast-json-stable-stringify@2.1.0","MIT"
"fast-levenshtein","2.0.6","pkg:npm/fast-levenshtein@2.0.6","MIT"
"fastq","1.19.1","pkg:npm/fastq@1.19.1","ISC"
"fast-uri","3.1.0","pkg:npm/fast-uri@3.1.0","BSD-3-Clause"
"faye-websocket","0.11.4","pkg:npm/faye-websocket@0.11.4","Apache-2.0"
"fb-watchman","2.0.2","pkg:npm/fb-watchman@2.0.2","Apache-2.0"
"file-entry-cache","6.0.1","pkg:npm/file-entry-cache@6.0.1","MIT"
"filelist","1.0.4","pkg:npm/filelist@1.0.4","Apache-2.0"
"file-loader","6.2.0","pkg:npm/file-loader@6.2.0","MIT"
"filesize","8.0.7","pkg:npm/filesize@8.0.7","BSD-3-Clause"
"fill-range","7.1.1","pkg:npm/fill-range@7.1.1","MIT"
"finalhandler","1.3.1","pkg:npm/finalhandler@1.3.1","MIT"
"find-cache-dir","3.3.2","pkg:npm/find-cache-dir@3.3.2","MIT"
"find-root","1.1.0","pkg:npm/find-root@1.1.0","MIT"
"find-up","3.0.0","pkg:npm/find-up@3.0.0","MIT"
"find-up","4.1.0","pkg:npm/find-up@4.1.0","MIT"
"find-up","5.0.0","pkg:npm/find-up@5.0.0","MIT"
"flat-cache","3.2.0","pkg:npm/flat-cache@3.2.0","MIT"
"flatted","3.3.3","pkg:npm/flatted@3.3.3","ISC"
"follow-redirects","1.15.11","pkg:npm/follow-redirects@1.15.11","MIT"
"for-each","0.3.5","pkg:npm/for-each@0.3.5","MIT"
"foreground-child","3.3.1","pkg:npm/foreground-child@3.3.1","ISC"
"fork-ts-checker-webpack-plugin","6.5.3","pkg:npm/fork-ts-checker-webpack-plugin@6.5.3","MIT"
"form-data","3.0.4","pkg:npm/form-data@3.0.4","MIT"
"forwarded","0.2.0","pkg:npm/forwarded@0.2.0","MIT"
"fraction.js","4.3.7","pkg:npm/fraction.js@4.3.7","MIT"
"fresh","0.5.2","pkg:npm/fresh@0.5.2","MIT"
"fs.realpath","1.0.0","pkg:npm/fs.realpath@1.0.0","ISC"
"fs-extra","10.1.0","pkg:npm/fs-extra@10.1.0","MIT"
"fs-extra","9.1.0","pkg:npm/fs-extra@9.1.0","MIT"
"fs-monkey","1.1.0","pkg:npm/fs-monkey@1.1.0","Unlicense"
"function.prototype.name","1.1.8","pkg:npm/function.prototype.name@1.1.8","MIT"
"function-bind","1.1.2","pkg:npm/function-bind@1.1.2","MIT"
"functions-have-names","1.2.3","pkg:npm/functions-have-names@1.2.3","MIT"
"gensync","1.0.0-beta.2","pkg:npm/gensync@1.0.0-beta.2","MIT"
"get-caller-file","2.0.5","pkg:npm/get-caller-file@2.0.5","ISC"
"get-intrinsic","1.3.0","pkg:npm/get-intrinsic@1.3.0","MIT"
"get-own-enumerable-property-symbols","3.0.2","pkg:npm/get-own-enumerable-property-symbols@3.0.2","ISC"
"get-package-type","0.1.0","pkg:npm/get-package-type@0.1.0","MIT"
"get-proto","1.0.1","pkg:npm/get-proto@1.0.1","MIT"
"get-stream","6.0.1","pkg:npm/get-stream@6.0.1","MIT"
"get-symbol-description","1.1.0","pkg:npm/get-symbol-description@1.1.0","MIT"
"github-buttons","2.29.1","pkg:npm/github-buttons@2.29.1","BSD-2-Clause"
"glob","10.4.5","pkg:npm/glob@10.4.5","ISC"
"glob","7.2.3","pkg:npm/glob@7.2.3","ISC"
"global-modules","2.0.0","pkg:npm/global-modules@2.0.0","MIT"
"global-prefix","3.0.0","pkg:npm/global-prefix@3.0.0","MIT"
"globals","13.24.0","pkg:npm/globals@13.24.0","MIT"
"globalthis","1.0.4","pkg:npm/globalthis@1.0.4","MIT"
"globby","11.1.0","pkg:npm/globby@11.1.0","MIT"
"glob-parent","5.1.2","pkg:npm/glob-parent@5.1.2","ISC"
"glob-parent","6.0.2","pkg:npm/glob-parent@6.0.2","ISC"
"glob-to-regex.js","1.0.1","pkg:npm/glob-to-regex.js@1.0.1","Apache-2.0"
"glob-to-regexp","0.4.1","pkg:npm/glob-to-regexp@0.4.1","BSD-2-Clause"
"gopd","1.2.0","pkg:npm/gopd@1.2.0","MIT"
"graceful-fs","4.2.11","pkg:npm/graceful-fs@4.2.11","ISC"
"graphemer","1.4.0","pkg:npm/graphemer@1.4.0","MIT"
"grapheme-splitter","1.0.4","pkg:npm/grapheme-splitter@1.0.4","MIT"
"gzip-size","6.0.0","pkg:npm/gzip-size@6.0.0","MIT"
"handle-thing","2.0.1","pkg:npm/handle-thing@2.0.1","MIT"
"harmony-reflect","1.6.2","pkg:npm/harmony-reflect@1.6.2","(Apache-2.0 OR MPL-1.1)"
"has","1.0.4","pkg:npm/has@1.0.4","MIT"
"has-bigints","1.1.0","pkg:npm/has-bigints@1.1.0","MIT"
"has-flag","4.0.0","pkg:npm/has-flag@4.0.0","MIT"
"hasown","2.0.2","pkg:npm/hasown@2.0.2","MIT"
"has-property-descriptors","1.0.2","pkg:npm/has-property-descriptors@1.0.2","MIT"
"has-proto","1.2.0","pkg:npm/has-proto@1.2.0","MIT"
"has-symbols","1.1.0","pkg:npm/has-symbols@1.1.0","MIT"
"has-tostringtag","1.0.2","pkg:npm/has-tostringtag@1.0.2","MIT"
"he","1.2.0","pkg:npm/he@1.2.0","MIT"
"hoist-non-react-statics","3.3.2","pkg:npm/hoist-non-react-statics@3.3.2","BSD-3-Clause"
"hoopy","0.1.4","pkg:npm/hoopy@0.1.4","MIT"
"hpack.js","2.1.6","pkg:npm/hpack.js@2.1.6","MIT"
"html-encoding-sniffer","2.0.1","pkg:npm/html-encoding-sniffer@2.0.1","MIT"
"html-entities","2.6.0","pkg:npm/html-entities@2.6.0","MIT"
"html-escaper","2.0.2","pkg:npm/html-escaper@2.0.2","MIT"
"html-minifier-terser","6.1.0","pkg:npm/html-minifier-terser@6.1.0","MIT"
"htmlparser2","6.1.0","pkg:npm/htmlparser2@6.1.0","MIT"
"html-webpack-plugin","5.6.4","pkg:npm/html-webpack-plugin@5.6.4","MIT"
"http-deceiver","1.2.7","pkg:npm/http-deceiver@1.2.7","MIT"
"http-errors","1.6.3","pkg:npm/http-errors@1.6.3","MIT"
"http-errors","2.0.0","pkg:npm/http-errors@2.0.0","MIT"
"http-parser-js","0.5.10","pkg:npm/http-parser-js@0.5.10","MIT"
"http-proxy","1.18.1","pkg:npm/http-proxy@1.18.1","MIT"
"http-proxy-agent","4.0.1","pkg:npm/http-proxy-agent@4.0.1","MIT"
"http-proxy-middleware","2.0.9","pkg:npm/http-proxy-middleware@2.0.9","MIT"
"https-proxy-agent","5.0.1","pkg:npm/https-proxy-agent@5.0.1","MIT"
"human-signals","2.1.0","pkg:npm/human-signals@2.1.0","Apache-2.0"
"hyperdyperid","1.2.0","pkg:npm/hyperdyperid@1.2.0","MIT"
"iconv-lite","0.4.24","pkg:npm/iconv-lite@0.4.24","MIT"
"iconv-lite","0.6.3","pkg:npm/iconv-lite@0.6.3","MIT"
"icss-utils","5.1.0","pkg:npm/icss-utils@5.1.0","ISC"
"idb","7.1.1","pkg:npm/idb@7.1.1","ISC"
"identity-obj-proxy","3.0.0","pkg:npm/identity-obj-proxy@3.0.0","MIT"
"ignore","5.3.2","pkg:npm/ignore@5.3.2","MIT"
"immer","9.0.21","pkg:npm/immer@9.0.21","MIT"
"import-fresh","3.3.1","pkg:npm/import-fresh@3.3.1","MIT"
"import-local","3.2.0","pkg:npm/import-local@3.2.0","MIT"
"imurmurhash","0.1.4","pkg:npm/imurmurhash@0.1.4","MIT"
"inflight","1.0.6","pkg:npm/inflight@1.0.6","ISC"
"inherits","2.0.3","pkg:npm/inherits@2.0.3","ISC"
"inherits","2.0.4","pkg:npm/inherits@2.0.4","ISC"
"ini","1.3.8","pkg:npm/ini@1.3.8","ISC"
"internal-slot","1.1.0","pkg:npm/internal-slot@1.1.0","MIT"
"ipaddr.js","1.9.1","pkg:npm/ipaddr.js@1.9.1","MIT"
"ipaddr.js","2.2.0","pkg:npm/ipaddr.js@2.2.0","MIT"
"isarray","1.0.0","pkg:npm/isarray@1.0.0","MIT"
"isarray","2.0.5","pkg:npm/isarray@2.0.5","MIT"
"is-array-buffer","3.0.5","pkg:npm/is-array-buffer@3.0.5","MIT"
"is-arrayish","0.2.1","pkg:npm/is-arrayish@0.2.1","MIT"
"is-async-function","2.1.1","pkg:npm/is-async-function@2.1.1","MIT"
"is-bigint","1.1.0","pkg:npm/is-bigint@1.1.0","MIT"
"is-binary-path","2.1.0","pkg:npm/is-binary-path@2.1.0","MIT"
"is-boolean-object","1.2.2","pkg:npm/is-boolean-object@1.2.2","MIT"
"is-callable","1.2.7","pkg:npm/is-callable@1.2.7","MIT"
"is-core-module","2.16.1","pkg:npm/is-core-module@2.16.1","MIT"
"is-data-view","1.0.2","pkg:npm/is-data-view@1.0.2","MIT"
"is-date-object","1.1.0","pkg:npm/is-date-object@1.1.0","MIT"
"is-docker","2.2.1","pkg:npm/is-docker@2.2.1","MIT"
"is-docker","3.0.0","pkg:npm/is-docker@3.0.0","MIT"
"isexe","2.0.0","pkg:npm/isexe@2.0.0","ISC"
"is-extglob","2.1.1","pkg:npm/is-extglob@2.1.1","MIT"
"is-finalizationregistry","1.1.1","pkg:npm/is-finalizationregistry@1.1.1","MIT"
"is-fullwidth-code-point","3.0.0","pkg:npm/is-fullwidth-code-point@3.0.0","MIT"
"is-generator-fn","2.1.0","pkg:npm/is-generator-fn@2.1.0","MIT"
"is-generator-function","1.1.0","pkg:npm/is-generator-function@1.1.0","MIT"
"is-glob","4.0.3","pkg:npm/is-glob@4.0.3","MIT"
"is-inside-container","1.0.0","pkg:npm/is-inside-container@1.0.0","MIT"
"is-map","2.0.3","pkg:npm/is-map@2.0.3","MIT"
"is-module","1.0.0","pkg:npm/is-module@1.0.0","MIT"
"is-negative-zero","2.0.3","pkg:npm/is-negative-zero@2.0.3","MIT"
"is-network-error","1.3.0","pkg:npm/is-network-error@1.3.0","MIT"
"is-number","7.0.0","pkg:npm/is-number@7.0.0","MIT"
"is-number-object","1.1.1","pkg:npm/is-number-object@1.1.1","MIT"
"is-obj","1.0.1","pkg:npm/is-obj@1.0.1","MIT"
"is-path-inside","3.0.3","pkg:npm/is-path-inside@3.0.3","MIT"
"is-plain-obj","3.0.0","pkg:npm/is-plain-obj@3.0.0","MIT"
"is-potential-custom-element-name","1.0.1","pkg:npm/is-potential-custom-element-name@1.0.1","MIT"
"is-regex","1.2.1","pkg:npm/is-regex@1.2.1","MIT"
"is-regexp","1.0.0","pkg:npm/is-regexp@1.0.0","MIT"
"is-root","2.1.0","pkg:npm/is-root@2.1.0","MIT"
"is-set","2.0.3","pkg:npm/is-set@2.0.3","MIT"
"is-shared-array-buffer","1.0.4","pkg:npm/is-shared-array-buffer@1.0.4","MIT"
"is-stream","2.0.1","pkg:npm/is-stream@2.0.1","MIT"
"is-string","1.1.1","pkg:npm/is-string@1.1.1","MIT"
"is-symbol","1.1.1","pkg:npm/is-symbol@1.1.1","MIT"
"istanbul-lib-coverage","3.2.2","pkg:npm/istanbul-lib-coverage@3.2.2","BSD-3-Clause"
"istanbul-lib-instrument","5.2.1","pkg:npm/istanbul-lib-instrument@5.2.1","BSD-3-Clause"
"istanbul-lib-report","3.0.1","pkg:npm/istanbul-lib-report@3.0.1","BSD-3-Clause"
"istanbul-lib-source-maps","4.0.1","pkg:npm/istanbul-lib-source-maps@4.0.1","BSD-3-Clause"
"istanbul-reports","3.2.0","pkg:npm/istanbul-reports@3.2.0","BSD-3-Clause"
"is-typedarray","1.0.0","pkg:npm/is-typedarray@1.0.0","MIT"
"is-typed-array","1.1.15","pkg:npm/is-typed-array@1.1.15","MIT"
"is-weakmap","2.0.2","pkg:npm/is-weakmap@2.0.2","MIT"
"is-weakref","1.1.1","pkg:npm/is-weakref@1.1.1","MIT"
"is-weakset","2.0.4","pkg:npm/is-weakset@2.0.4","MIT"
"is-wsl","2.2.0","pkg:npm/is-wsl@2.2.0","MIT"
"is-wsl","3.1.0","pkg:npm/is-wsl@3.1.0","MIT"
"jackspeak","3.4.3","pkg:npm/jackspeak@3.4.3","BlueOak-1.0.0"
"jake","10.9.4","pkg:npm/jake@10.9.4","Apache-2.0"
"jest","27.5.1","pkg:npm/jest@27.5.1","MIT"
"jest-changed-files","27.5.1","pkg:npm/jest-changed-files@27.5.1","MIT"
"jest-circus","27.5.1","pkg:npm/jest-circus@27.5.1","MIT"
"jest-cli","27.5.1","pkg:npm/jest-cli@27.5.1","MIT"
"jest-config","27.5.1","pkg:npm/jest-config@27.5.1","MIT"
"jest-diff","27.5.1","pkg:npm/jest-diff@27.5.1","MIT"
"jest-docblock","27.5.1","pkg:npm/jest-docblock@27.5.1","MIT"
"jest-each","27.5.1","pkg:npm/jest-each@27.5.1","MIT"
"jest-environment-jsdom","27.5.1","pkg:npm/jest-environment-jsdom@27.5.1","MIT"
"jest-environment-node","27.5.1","pkg:npm/jest-environment-node@27.5.1","MIT"
"jest-get-type","27.5.1","pkg:npm/jest-get-type@27.5.1","MIT"
"jest-haste-map","27.5.1","pkg:npm/jest-haste-map@27.5.1","MIT"
"jest-jasmine2","27.5.1","pkg:npm/jest-jasmine2@27.5.1","MIT"
"jest-leak-detector","27.5.1","pkg:npm/jest-leak-detector@27.5.1","MIT"
"jest-matcher-utils","27.5.1","pkg:npm/jest-matcher-utils@27.5.1","MIT"
"jest-message-util","27.5.1","pkg:npm/jest-message-util@27.5.1","MIT"
"jest-message-util","28.1.3","pkg:npm/jest-message-util@28.1.3","MIT"
"jest-mock","27.5.1","pkg:npm/jest-mock@27.5.1","MIT"
"jest-pnp-resolver","1.2.3","pkg:npm/jest-pnp-resolver@1.2.3","MIT"
"jest-regex-util","27.5.1","pkg:npm/jest-regex-util@27.5.1","MIT"
"jest-regex-util","28.0.2","pkg:npm/jest-regex-util@28.0.2","MIT"
"jest-resolve","27.5.1","pkg:npm/jest-resolve@27.5.1","MIT"
"jest-resolve-dependencies","27.5.1","pkg:npm/jest-resolve-dependencies@27.5.1","MIT"
"jest-runner","27.5.1","pkg:npm/jest-runner@27.5.1","MIT"
"jest-runtime","27.5.1","pkg:npm/jest-runtime@27.5.1","MIT"
"jest-serializer","27.5.1","pkg:npm/jest-serializer@27.5.1","MIT"
"jest-snapshot","27.5.1","pkg:npm/jest-snapshot@27.5.1","MIT"
"jest-util","27.5.1","pkg:npm/jest-util@27.5.1","MIT"
"jest-util","28.1.3","pkg:npm/jest-util@28.1.3","MIT"
"jest-validate","27.5.1","pkg:npm/jest-validate@27.5.1","MIT"
"jest-watcher","27.5.1","pkg:npm/jest-watcher@27.5.1","MIT"
"jest-watcher","28.1.3","pkg:npm/jest-watcher@28.1.3","MIT"
"jest-watch-typeahead","1.1.0","pkg:npm/jest-watch-typeahead@1.1.0","MIT"
"jest-worker","26.6.2","pkg:npm/jest-worker@26.6.2","MIT"
"jest-worker","27.5.1","pkg:npm/jest-worker@27.5.1","MIT"
"jest-worker","28.1.3","pkg:npm/jest-worker@28.1.3","MIT"
"jiti","1.21.7","pkg:npm/jiti@1.21.7","MIT"
"jsdom","16.7.0","pkg:npm/jsdom@16.7.0","MIT"
"jsesc","3.0.2","pkg:npm/jsesc@3.0.2","MIT"
"jsesc","3.1.0","pkg:npm/jsesc@3.1.0","MIT"
"json5","1.0.2","pkg:npm/json5@1.0.2","MIT"
"json5","2.2.3","pkg:npm/json5@2.2.3","MIT"
"json-buffer","3.0.1","pkg:npm/json-buffer@3.0.1","MIT"
"jsonfile","6.2.0","pkg:npm/jsonfile@6.2.0","MIT"
"json-parse-even-better-errors","2.3.1","pkg:npm/json-parse-even-better-errors@2.3.1","MIT"
"jsonpath","1.1.1","pkg:npm/jsonpath@1.1.1","MIT"
"jsonpointer","5.0.1","pkg:npm/jsonpointer@5.0.1","MIT"
"json-schema","0.4.0","pkg:npm/json-schema@0.4.0","(AFL-2.1 OR BSD-3-Clause)"
"json-schema-traverse","0.4.1","pkg:npm/json-schema-traverse@0.4.1","MIT"
"json-schema-traverse","1.0.0","pkg:npm/json-schema-traverse@1.0.0","MIT"
"json-stable-stringify-without-jsonify","1.0.1","pkg:npm/json-stable-stringify-without-jsonify@1.0.1","MIT"
"js-sdsl","4.4.2","pkg:npm/js-sdsl@4.4.2","MIT"
"js-tokens","4.0.0","pkg:npm/js-tokens@4.0.0","MIT"
"jsx-ast-utils","3.3.5","pkg:npm/jsx-ast-utils@3.3.5","MIT"
"js-yaml","3.14.1","pkg:npm/js-yaml@3.14.1","MIT"
"js-yaml","4.1.0","pkg:npm/js-yaml@4.1.0","MIT"
"keyv","4.5.4","pkg:npm/keyv@4.5.4","MIT"
"kind-of","6.0.3","pkg:npm/kind-of@6.0.3","MIT"
"kleur","3.0.3","pkg:npm/kleur@3.0.3","MIT"
"klona","2.0.6","pkg:npm/klona@2.0.6","MIT"
"language-subtag-registry","0.3.23","pkg:npm/language-subtag-registry@0.3.23","CC0-1.0"
"language-tags","1.0.5","pkg:npm/language-tags@1.0.5","MIT"
"launch-editor","2.11.1","pkg:npm/launch-editor@2.11.1","MIT"
"leven","3.1.0","pkg:npm/leven@3.1.0","MIT"
"levn","0.3.0","pkg:npm/levn@0.3.0","MIT"
"levn","0.4.1","pkg:npm/levn@0.4.1","MIT"
"lilconfig","2.1.0","pkg:npm/lilconfig@2.1.0","MIT"
"lilconfig","3.1.3","pkg:npm/lilconfig@3.1.3","MIT"
"lines-and-columns","1.2.4","pkg:npm/lines-and-columns@1.2.4","MIT"
"loader-runner","4.3.0","pkg:npm/loader-runner@4.3.0","MIT"
"loader-utils","2.0.4","pkg:npm/loader-utils@2.0.4","MIT"
"loader-utils","3.3.1","pkg:npm/loader-utils@3.3.1","MIT"
"locate-path","3.0.0","pkg:npm/locate-path@3.0.0","MIT"
"locate-path","5.0.0","pkg:npm/locate-path@5.0.0","MIT"
"locate-path","6.0.0","pkg:npm/locate-path@6.0.0","MIT"
"lodash","4.17.21","pkg:npm/lodash@4.17.21","MIT"
"lodash.debounce","4.0.8","pkg:npm/lodash.debounce@4.0.8","MIT"
"lodash.memoize","4.1.2","pkg:npm/lodash.memoize@4.1.2","MIT"
"lodash.merge","4.6.2","pkg:npm/lodash.merge@4.6.2","MIT"
"lodash.sortby","4.7.0","pkg:npm/lodash.sortby@4.7.0","MIT"
"lodash.uniq","4.5.0","pkg:npm/lodash.uniq@4.5.0","MIT"
"loose-envify","1.4.0","pkg:npm/loose-envify@1.4.0","MIT"
"lower-case","2.0.2","pkg:npm/lower-case@2.0.2","MIT"
"lru-cache","10.4.3","pkg:npm/lru-cache@10.4.3","ISC"
"lru-cache","5.1.1","pkg:npm/lru-cache@5.1.1","ISC"
"magic-string","0.25.9","pkg:npm/magic-string@0.25.9","MIT"
"make-dir","3.1.0","pkg:npm/make-dir@3.1.0","MIT"
"make-dir","4.0.0","pkg:npm/make-dir@4.0.0","MIT"
"makeerror","1.0.12","pkg:npm/makeerror@1.0.12","BSD-3-Clause"
"material-dashboard-2-react","2.2.0","pkg:npm/material-dashboard-2-react@2.2.0","See license in https://www.creative-tim.com/license"
"math-intrinsics","1.1.0","pkg:npm/math-intrinsics@1.1.0","MIT"
"mdn-data","2.0.28","pkg:npm/mdn-data@2.0.28","CC0-1.0"
"mdn-data","2.0.30","pkg:npm/mdn-data@2.0.30","CC0-1.0"
"media-typer","0.3.0","pkg:npm/media-typer@0.3.0","MIT"
"memfs","3.5.3","pkg:npm/memfs@3.5.3","Unlicense"
"memfs","4.42.0","pkg:npm/memfs@4.42.0","Apache-2.0"
"merge2","1.4.1","pkg:npm/merge2@1.4.1","MIT"
"merge-descriptors","1.0.3","pkg:npm/merge-descriptors@1.0.3","MIT"
"merge-stream","2.0.0","pkg:npm/merge-stream@2.0.0","MIT"
"methods","1.1.2","pkg:npm/methods@1.1.2","MIT"
"micromatch","4.0.8","pkg:npm/micromatch@4.0.8","MIT"
"mime","1.6.0","pkg:npm/mime@1.6.0","MIT"
"mime-db","1.52.0","pkg:npm/mime-db@1.52.0","MIT"
"mime-db","1.54.0","pkg:npm/mime-db@1.54.0","MIT"
"mime-types","2.1.35","pkg:npm/mime-types@2.1.35","MIT"
"mime-types","3.0.1","pkg:npm/mime-types@3.0.1","MIT"
"mimic-fn","2.1.0","pkg:npm/mimic-fn@2.1.0","MIT"
"mini-css-extract-plugin","2.9.4","pkg:npm/mini-css-extract-plugin@2.9.4","MIT"
"minimalistic-assert","1.0.1","pkg:npm/minimalistic-assert@1.0.1","ISC"
"minimatch","3.1.2","pkg:npm/minimatch@3.1.2","ISC"
"minimatch","5.1.6","pkg:npm/minimatch@5.1.6","ISC"
"minimatch","9.0.5","pkg:npm/minimatch@9.0.5","ISC"
"minimist","1.2.8","pkg:npm/minimist@1.2.8","MIT"
"minipass","7.1.2","pkg:npm/minipass@7.1.2","ISC"
"moo","0.5.2","pkg:npm/moo@0.5.2","BSD-3-Clause"
"ms","2.0.0","pkg:npm/ms@2.0.0","MIT"
"ms","2.1.3","pkg:npm/ms@2.1.3","MIT"
"multicast-dns","7.2.5","pkg:npm/multicast-dns@7.2.5","MIT"
"mz","2.7.0","pkg:npm/mz@2.7.0","MIT"
"nanoid","3.3.11","pkg:npm/nanoid@3.3.11","MIT"
"natural-compare","1.4.0","pkg:npm/natural-compare@1.4.0","MIT"
"natural-compare-lite","1.4.0","pkg:npm/natural-compare-lite@1.4.0","MIT"
"nearley","2.20.1","pkg:npm/nearley@2.20.1","MIT"
"negotiator","0.6.3","pkg:npm/negotiator@0.6.3","MIT"
"negotiator","0.6.4","pkg:npm/negotiator@0.6.4","MIT"
"neo-async","2.6.2","pkg:npm/neo-async@2.6.2","MIT"
"no-case","3.0.4","pkg:npm/no-case@3.0.4","MIT"
"node-forge","1.3.1","pkg:npm/node-forge@1.3.1","(BSD-3-Clause OR GPL-2.0)"
"node-int64","0.4.0","pkg:npm/node-int64@0.4.0","MIT"
"node-releases","2.0.19","pkg:npm/node-releases@2.0.19","MIT"
"normalize-path","3.0.0","pkg:npm/normalize-path@3.0.0","MIT"
"normalize-range","0.1.2","pkg:npm/normalize-range@0.1.2","MIT"
"normalize-url","6.1.0","pkg:npm/normalize-url@6.1.0","MIT"
"npm-run-path","4.0.1","pkg:npm/npm-run-path@4.0.1","MIT"
"nth-check","2.1.1","pkg:npm/nth-check@2.1.1","BSD-2-Clause"
"nwsapi","2.2.21","pkg:npm/nwsapi@2.2.21","MIT"
"object.assign","4.1.7","pkg:npm/object.assign@4.1.7","MIT"
"object.entries","1.1.9","pkg:npm/object.entries@1.1.9","MIT"
"object.fromentries","2.0.8","pkg:npm/object.fromentries@2.0.8","MIT"
"object.hasown","1.1.4","pkg:npm/object.hasown@1.1.4","MIT"
"object.values","1.2.1","pkg:npm/object.values@1.2.1","MIT"
"object-assign","4.1.1","pkg:npm/object-assign@4.1.1","MIT"
"object-hash","3.0.0","pkg:npm/object-hash@3.0.0","MIT"
"object-inspect","1.13.4","pkg:npm/object-inspect@1.13.4","MIT"
"object-keys","1.1.1","pkg:npm/object-keys@1.1.1","MIT"
"obuf","1.1.2","pkg:npm/obuf@1.1.2","MIT"
"once","1.4.0","pkg:npm/once@1.4.0","ISC"
"onetime","5.1.2","pkg:npm/onetime@5.1.2","MIT"
"on-finished","2.4.1","pkg:npm/on-finished@2.4.1","MIT"
"on-headers","1.1.0","pkg:npm/on-headers@1.1.0","MIT"
"open","10.2.0","pkg:npm/open@10.2.0","MIT"
"open","8.4.2","pkg:npm/open@8.4.2","MIT"
"optionator","0.8.3","pkg:npm/optionator@0.8.3","MIT"
"optionator","0.9.4","pkg:npm/optionator@0.9.4","MIT"
"own-keys","1.0.1","pkg:npm/own-keys@1.0.1","MIT"
"package-json-from-dist","1.0.1","pkg:npm/package-json-from-dist@1.0.1","BlueOak-1.0.0"
"param-case","3.0.4","pkg:npm/param-case@3.0.4","MIT"
"parent-module","1.0.1","pkg:npm/parent-module@1.0.1","MIT"
"parse5","6.0.1","pkg:npm/parse5@6.0.1","MIT"
"parse-json","5.2.0","pkg:npm/parse-json@5.2.0","MIT"
"parseurl","1.3.3","pkg:npm/parseurl@1.3.3","MIT"
"pascal-case","3.1.2","pkg:npm/pascal-case@3.1.2","MIT"
"path-exists","3.0.0","pkg:npm/path-exists@3.0.0","MIT"
"path-exists","4.0.0","pkg:npm/path-exists@4.0.0","MIT"
"path-is-absolute","1.0.1","pkg:npm/path-is-absolute@1.0.1","MIT"
"path-key","3.1.1","pkg:npm/path-key@3.1.1","MIT"
"path-parse","1.0.7","pkg:npm/path-parse@1.0.7","MIT"
"path-scurry","1.11.1","pkg:npm/path-scurry@1.11.1","BlueOak-1.0.0"
"path-to-regexp","0.1.12","pkg:npm/path-to-regexp@0.1.12","MIT"
"path-type","4.0.0","pkg:npm/path-type@4.0.0","MIT"
"performance-now","2.1.0","pkg:npm/performance-now@2.1.0","MIT"
"picocolors","1.1.1","pkg:npm/picocolors@1.1.1","ISC"
"picomatch","2.3.1","pkg:npm/picomatch@2.3.1","MIT"
"pify","2.3.0","pkg:npm/pify@2.3.0","MIT"
"pirates","4.0.7","pkg:npm/pirates@4.0.7","MIT"
"pkg-dir","4.2.0","pkg:npm/pkg-dir@4.2.0","MIT"
"pkg-up","3.1.0","pkg:npm/pkg-up@3.1.0","MIT"
"p-limit","2.3.0","pkg:npm/p-limit@2.3.0","MIT"
"p-limit","3.1.0","pkg:npm/p-limit@3.1.0","MIT"
"p-locate","3.0.0","pkg:npm/p-locate@3.0.0","MIT"
"p-locate","4.1.0","pkg:npm/p-locate@4.1.0","MIT"
"p-locate","5.0.0","pkg:npm/p-locate@5.0.0","MIT"
"possible-typed-array-names","1.1.0","pkg:npm/possible-typed-array-names@1.1.0","MIT"
"postcss","8.4.31","pkg:npm/postcss@8.4.31","MIT"
"postcss-attribute-case-insensitive","5.0.2","pkg:npm/postcss-attribute-case-insensitive@5.0.2","MIT"
"postcss-browser-comments","4.0.0","pkg:npm/postcss-browser-comments@4.0.0","CC0-1.0"
"postcss-calc","8.2.4","pkg:npm/postcss-calc@8.2.4","MIT"
"postcss-clamp","4.1.0","pkg:npm/postcss-clamp@4.1.0","MIT"
"postcss-color-functional-notation","4.2.4","pkg:npm/postcss-color-functional-notation@4.2.4","CC0-1.0"
"postcss-color-hex-alpha","8.0.4","pkg:npm/postcss-color-hex-alpha@8.0.4","MIT"
"postcss-colormin","5.3.1","pkg:npm/postcss-colormin@5.3.1","MIT"
"postcss-color-rebeccapurple","7.1.1","pkg:npm/postcss-color-rebeccapurple@7.1.1","CC0-1.0"
"postcss-convert-values","5.1.3","pkg:npm/postcss-convert-values@5.1.3","MIT"
"postcss-custom-media","8.0.2","pkg:npm/postcss-custom-media@8.0.2","MIT"
"postcss-custom-properties","12.1.11","pkg:npm/postcss-custom-properties@12.1.11","MIT"
"postcss-custom-selectors","6.0.3","pkg:npm/postcss-custom-selectors@6.0.3","MIT"
"postcss-dir-pseudo-class","6.0.5","pkg:npm/postcss-dir-pseudo-class@6.0.5","CC0-1.0"
"postcss-discard-comments","5.1.2","pkg:npm/postcss-discard-comments@5.1.2","MIT"
"postcss-discard-duplicates","5.1.0","pkg:npm/postcss-discard-duplicates@5.1.0","MIT"
"postcss-discard-empty","5.1.1","pkg:npm/postcss-discard-empty@5.1.1","MIT"
"postcss-discard-overridden","5.1.0","pkg:npm/postcss-discard-overridden@5.1.0","MIT"
"postcss-double-position-gradients","3.1.2","pkg:npm/postcss-double-position-gradients@3.1.2","CC0-1.0"
"postcss-env-function","4.0.6","pkg:npm/postcss-env-function@4.0.6","CC0-1.0"
"postcss-flexbugs-fixes","5.0.2","pkg:npm/postcss-flexbugs-fixes@5.0.2","MIT"
"postcss-focus-visible","6.0.4","pkg:npm/postcss-focus-visible@6.0.4","CC0-1.0"
"postcss-focus-within","5.0.4","pkg:npm/postcss-focus-within@5.0.4","CC0-1.0"
"postcss-font-variant","5.0.0","pkg:npm/postcss-font-variant@5.0.0","MIT"
"postcss-gap-properties","3.0.5","pkg:npm/postcss-gap-properties@3.0.5","CC0-1.0"
"postcss-image-set-function","4.0.7","pkg:npm/postcss-image-set-function@4.0.7","CC0-1.0"
"postcss-import","15.1.0","pkg:npm/postcss-import@15.1.0","MIT"
"postcss-initial","4.0.1","pkg:npm/postcss-initial@4.0.1","MIT"
"postcss-js","4.0.1","pkg:npm/postcss-js@4.0.1","MIT"
"postcss-lab-function","4.2.1","pkg:npm/postcss-lab-function@4.2.1","CC0-1.0"
"postcss-load-config","4.0.2","pkg:npm/postcss-load-config@4.0.2","MIT"
"postcss-loader","6.2.1","pkg:npm/postcss-loader@6.2.1","MIT"
"postcss-logical","5.0.4","pkg:npm/postcss-logical@5.0.4","CC0-1.0"
"postcss-media-minmax","5.0.0","pkg:npm/postcss-media-minmax@5.0.0","MIT"
"postcss-merge-longhand","5.1.7","pkg:npm/postcss-merge-longhand@5.1.7","MIT"
"postcss-merge-rules","5.1.4","pkg:npm/postcss-merge-rules@5.1.4","MIT"
"postcss-minify-font-values","5.1.0","pkg:npm/postcss-minify-font-values@5.1.0","MIT"
"postcss-minify-gradients","5.1.1","pkg:npm/postcss-minify-gradients@5.1.1","MIT"
"postcss-minify-params","5.1.4","pkg:npm/postcss-minify-params@5.1.4","MIT"
"postcss-minify-selectors","5.2.1","pkg:npm/postcss-minify-selectors@5.2.1","MIT"
"postcss-modules-extract-imports","3.1.0","pkg:npm/postcss-modules-extract-imports@3.1.0","ISC"
"postcss-modules-local-by-default","4.2.0","pkg:npm/postcss-modules-local-by-default@4.2.0","MIT"
"postcss-modules-scope","3.2.1","pkg:npm/postcss-modules-scope@3.2.1","ISC"
"postcss-modules-values","4.0.0","pkg:npm/postcss-modules-values@4.0.0","ISC"
"postcss-nested","6.2.0","pkg:npm/postcss-nested@6.2.0","MIT"
"postcss-nesting","10.2.0","pkg:npm/postcss-nesting@10.2.0","CC0-1.0"
"postcss-normalize","10.0.1","pkg:npm/postcss-normalize@10.0.1","CC0-1.0"
"postcss-normalize-charset","5.1.0","pkg:npm/postcss-normalize-charset@5.1.0","MIT"
"postcss-normalize-display-values","5.1.0","pkg:npm/postcss-normalize-display-values@5.1.0","MIT"
"postcss-normalize-positions","5.1.1","pkg:npm/postcss-normalize-positions@5.1.1","MIT"
"postcss-normalize-repeat-style","5.1.1","pkg:npm/postcss-normalize-repeat-style@5.1.1","MIT"
"postcss-normalize-string","5.1.0","pkg:npm/postcss-normalize-string@5.1.0","MIT"
"postcss-normalize-timing-functions","5.1.0","pkg:npm/postcss-normalize-timing-functions@5.1.0","MIT"
"postcss-normalize-unicode","5.1.1","pkg:npm/postcss-normalize-unicode@5.1.1","MIT"
"postcss-normalize-url","5.1.0","pkg:npm/postcss-normalize-url@5.1.0","MIT"
"postcss-normalize-whitespace","5.1.1","pkg:npm/postcss-normalize-whitespace@5.1.1","MIT"
"postcss-opacity-percentage","1.1.3","pkg:npm/postcss-opacity-percentage@1.1.3","MIT"
"postcss-ordered-values","5.1.3","pkg:npm/postcss-ordered-values@5.1.3","MIT"
"postcss-overflow-shorthand","3.0.4","pkg:npm/postcss-overflow-shorthand@3.0.4","CC0-1.0"
"postcss-page-break","3.0.4","pkg:npm/postcss-page-break@3.0.4","MIT"
"postcss-place","7.0.5","pkg:npm/postcss-place@7.0.5","CC0-1.0"
"postcss-preset-env","7.8.3","pkg:npm/postcss-preset-env@7.8.3","CC0-1.0"
"postcss-pseudo-class-any-link","7.1.6","pkg:npm/postcss-pseudo-class-any-link@7.1.6","CC0-1.0"
"postcss-reduce-initial","5.1.2","pkg:npm/postcss-reduce-initial@5.1.2","MIT"
"postcss-reduce-transforms","5.1.0","pkg:npm/postcss-reduce-transforms@5.1.0","MIT"
"postcss-replace-overflow-wrap","4.0.0","pkg:npm/postcss-replace-overflow-wrap@4.0.0","MIT"
"postcss-selector-not","6.0.1","pkg:npm/postcss-selector-not@6.0.1","MIT"
"postcss-selector-parser","6.1.2","pkg:npm/postcss-selector-parser@6.1.2","MIT"
"postcss-selector-parser","7.1.0","pkg:npm/postcss-selector-parser@7.1.0","MIT"
"postcss-svgo","5.1.0","pkg:npm/postcss-svgo@5.1.0","MIT"
"postcss-unique-selectors","5.1.1","pkg:npm/postcss-unique-selectors@5.1.1","MIT"
"postcss-value-parser","4.2.0","pkg:npm/postcss-value-parser@4.2.0","MIT"
"prelude-ls","1.1.2","pkg:npm/prelude-ls@1.1.2",""
"prelude-ls","1.2.1","pkg:npm/prelude-ls@1.2.1","MIT"
"p-retry","6.2.1","pkg:npm/p-retry@6.2.1","MIT"
"prettier","2.8.8","pkg:npm/prettier@2.8.8","MIT"
"prettier-linter-helpers","1.0.0","pkg:npm/prettier-linter-helpers@1.0.0","MIT"
"pretty-bytes","5.6.0","pkg:npm/pretty-bytes@5.6.0","MIT"
"pretty-error","4.0.0","pkg:npm/pretty-error@4.0.0","MIT"
"pretty-format","27.5.1","pkg:npm/pretty-format@27.5.1","MIT"
"pretty-format","28.1.3","pkg:npm/pretty-format@28.1.3","MIT"
"process-nextick-args","2.0.1","pkg:npm/process-nextick-args@2.0.1","MIT"
"promise","8.3.0","pkg:npm/promise@8.3.0","MIT"
"prompts","2.4.2","pkg:npm/prompts@2.4.2","MIT"
"property-expr","2.0.6","pkg:npm/property-expr@2.0.6","MIT"
"prop-types","15.8.1","pkg:npm/prop-types@15.8.1","MIT"
"proxy-addr","2.0.7","pkg:npm/proxy-addr@2.0.7","MIT"
"psl","1.15.0","pkg:npm/psl@1.15.0","MIT"
"p-try","2.2.0","pkg:npm/p-try@2.2.0","MIT"
"punycode","2.3.1","pkg:npm/punycode@2.3.1","MIT"
"qs","6.13.0","pkg:npm/qs@6.13.0","BSD-3-Clause"
"querystringify","2.2.0","pkg:npm/querystringify@2.2.0","MIT"
"queue-microtask","1.2.3","pkg:npm/queue-microtask@1.2.3","MIT"
"raf","3.4.1","pkg:npm/raf@3.4.1","MIT"
"railroad-diagrams","1.0.0","pkg:npm/railroad-diagrams@1.0.0","CC0-1.0"
"randexp","0.4.6","pkg:npm/randexp@0.4.6","MIT"
"randombytes","2.1.0","pkg:npm/randombytes@2.1.0","MIT"
"range-parser","1.2.1","pkg:npm/range-parser@1.2.1","MIT"
"raw-body","2.5.2","pkg:npm/raw-body@2.5.2","MIT"
"react","18.2.0","pkg:npm/react@18.2.0","MIT"
"react-app-polyfill","3.0.0","pkg:npm/react-app-polyfill@3.0.0","MIT"
"react-chartjs-2","5.2.0","pkg:npm/react-chartjs-2@5.2.0","MIT"
"react-dev-utils","12.0.1","pkg:npm/react-dev-utils@12.0.1","MIT"
"react-dom","18.2.0","pkg:npm/react-dom@18.2.0","MIT"
"react-error-overlay","6.1.0","pkg:npm/react-error-overlay@6.1.0","MIT"
"react-github-btn","1.4.0","pkg:npm/react-github-btn@1.4.0","BSD-2-Clause"
"react-is","16.13.1","pkg:npm/react-is@16.13.1","MIT"
"react-is","17.0.2","pkg:npm/react-is@17.0.2","MIT"
"react-is","18.3.1","pkg:npm/react-is@18.3.1","MIT"
"react-is","19.1.1","pkg:npm/react-is@19.1.1","MIT"
"react-refresh","0.11.0","pkg:npm/react-refresh@0.11.0","MIT"
"react-router","6.11.0","pkg:npm/react-router@6.11.0","MIT"
"react-router-dom","6.11.0","pkg:npm/react-router-dom@6.11.0","MIT"
"react-scripts","5.0.1","pkg:npm/react-scripts@5.0.1","MIT"
"react-table","7.8.0","pkg:npm/react-table@7.8.0","MIT"
"react-transition-group","4.4.5","pkg:npm/react-transition-group@4.4.5","BSD-3-Clause"
"readable-stream","2.3.8","pkg:npm/readable-stream@2.3.8","MIT"
"readable-stream","3.6.2","pkg:npm/readable-stream@3.6.2","MIT"
"read-cache","1.0.0","pkg:npm/read-cache@1.0.0","MIT"
"readdirp","3.6.0","pkg:npm/readdirp@3.6.0","MIT"
"recursive-readdir","2.2.3","pkg:npm/recursive-readdir@2.2.3","MIT"
"reflect.getprototypeof","1.0.10","pkg:npm/reflect.getprototypeof@1.0.10","MIT"
"regenerate","1.4.2","pkg:npm/regenerate@1.4.2","MIT"
"regenerate-unicode-properties","10.2.0","pkg:npm/regenerate-unicode-properties@10.2.0","MIT"
"regenerator-runtime","0.13.11","pkg:npm/regenerator-runtime@0.13.11","MIT"
"regexp.prototype.flags","1.5.4","pkg:npm/regexp.prototype.flags@1.5.4","MIT"
"regex-parser","2.3.1","pkg:npm/regex-parser@2.3.1","MIT"
"regexpu-core","6.2.0","pkg:npm/regexpu-core@6.2.0","MIT"
"regjsgen","0.8.0","pkg:npm/regjsgen@0.8.0","MIT"
"regjsparser","0.12.0","pkg:npm/regjsparser@0.12.0","BSD-2-Clause"
"relateurl","0.2.7","pkg:npm/relateurl@0.2.7","MIT"
"renderkid","3.0.0","pkg:npm/renderkid@3.0.0","MIT"
"require-directory","2.1.1","pkg:npm/require-directory@2.1.1","MIT"
"require-from-string","2.0.2","pkg:npm/require-from-string@2.0.2","MIT"
"requires-port","1.0.0","pkg:npm/requires-port@1.0.0","MIT"
"resolve","1.22.10","pkg:npm/resolve@1.22.10","MIT"
"resolve","2.0.0-next.5","pkg:npm/resolve@2.0.0-next.5","MIT"
"resolve.exports","1.1.1","pkg:npm/resolve.exports@1.1.1","MIT"
"resolve-cwd","3.0.0","pkg:npm/resolve-cwd@3.0.0","MIT"
"resolve-from","4.0.0","pkg:npm/resolve-from@4.0.0","MIT"
"resolve-from","5.0.0","pkg:npm/resolve-from@5.0.0","MIT"
"resolve-url-loader","4.0.0","pkg:npm/resolve-url-loader@4.0.0","MIT"
"ret","0.1.15","pkg:npm/ret@0.1.15","MIT"
"retry","0.13.1","pkg:npm/retry@0.13.1","MIT"
"reusify","1.1.0","pkg:npm/reusify@1.1.0","MIT"
"rimraf","3.0.2","pkg:npm/rimraf@3.0.2","ISC"
"rollup","2.79.2","pkg:npm/rollup@2.79.2","MIT"
"rollup-plugin-terser","7.0.2","pkg:npm/rollup-plugin-terser@7.0.2","MIT"
"run-applescript","7.1.0","pkg:npm/run-applescript@7.1.0","MIT"
"run-parallel","1.2.0","pkg:npm/run-parallel@1.2.0","MIT"
"safe-array-concat","1.1.3","pkg:npm/safe-array-concat@1.1.3","MIT"
"safe-buffer","5.1.2","pkg:npm/safe-buffer@5.1.2","MIT"
"safe-buffer","5.2.1","pkg:npm/safe-buffer@5.2.1","MIT"
"safe-push-apply","1.0.0","pkg:npm/safe-push-apply@1.0.0","MIT"
"safer-buffer","2.1.2","pkg:npm/safer-buffer@2.1.2","MIT"
"safe-regex-test","1.1.0","pkg:npm/safe-regex-test@1.1.0","MIT"
"sanitize.css","13.0.0","pkg:npm/sanitize.css@13.0.0","CC0-1.0"
"sass-loader","12.6.0","pkg:npm/sass-loader@12.6.0","MIT"
"saxes","5.0.1","pkg:npm/saxes@5.0.1","ISC"
"scheduler","0.23.2","pkg:npm/scheduler@0.23.2","MIT"
"schema-utils","2.7.0","pkg:npm/schema-utils@2.7.0","MIT"
"schema-utils","2.7.1","pkg:npm/schema-utils@2.7.1","MIT"
"schema-utils","3.3.0","pkg:npm/schema-utils@3.3.0","MIT"
"schema-utils","4.3.2","pkg:npm/schema-utils@4.3.2","MIT"
"schemes","1.4.0","pkg:npm/schemes@1.4.0","MIT"
"select-hose","2.0.0","pkg:npm/select-hose@2.0.0","MIT"
"selfsigned","2.4.1","pkg:npm/selfsigned@2.4.1","MIT"
"semver","6.3.1","pkg:npm/semver@6.3.1","ISC"
"semver","7.7.2","pkg:npm/semver@7.7.2","ISC"
"send","0.19.0","pkg:npm/send@0.19.0","MIT"
"serialize-javascript","4.0.0","pkg:npm/serialize-javascript@4.0.0","BSD-3-Clause"
"serialize-javascript","6.0.2","pkg:npm/serialize-javascript@6.0.2","BSD-3-Clause"
"serve-index","1.9.1","pkg:npm/serve-index@1.9.1","MIT"
"serve-static","1.16.2","pkg:npm/serve-static@1.16.2","MIT"
"set-function-length","1.2.2","pkg:npm/set-function-length@1.2.2","MIT"
"set-function-name","2.0.2","pkg:npm/set-function-name@2.0.2","MIT"
"set-proto","1.0.0","pkg:npm/set-proto@1.0.0","MIT"
"setprototypeof","1.1.0","pkg:npm/setprototypeof@1.1.0","ISC"
"setprototypeof","1.2.0","pkg:npm/setprototypeof@1.2.0","ISC"
"shebang-command","2.0.0","pkg:npm/shebang-command@2.0.0","MIT"
"shebang-regex","3.0.0","pkg:npm/shebang-regex@3.0.0","MIT"
"shell-quote","1.8.3","pkg:npm/shell-quote@1.8.3","MIT"
"side-channel","1.1.0","pkg:npm/side-channel@1.1.0","MIT"
"side-channel-list","1.0.0","pkg:npm/side-channel-list@1.0.0","MIT"
"side-channel-map","1.0.1","pkg:npm/side-channel-map@1.0.1","MIT"
"side-channel-weakmap","1.0.2","pkg:npm/side-channel-weakmap@1.0.2","MIT"
"signal-exit","3.0.7","pkg:npm/signal-exit@3.0.7","ISC"
"signal-exit","4.1.0","pkg:npm/signal-exit@4.1.0","ISC"
"sisteransi","1.0.5","pkg:npm/sisteransi@1.0.5","MIT"
"slash","3.0.0","pkg:npm/slash@3.0.0","MIT"
"slash","4.0.0","pkg:npm/slash@4.0.0","MIT"
"smtp-address-parser","1.1.0","pkg:npm/smtp-address-parser@1.1.0","MIT"
"sockjs","0.3.24","pkg:npm/sockjs@0.3.24","MIT"
"source-list-map","2.0.1","pkg:npm/source-list-map@2.0.1","MIT"
"source-map","0.5.7","pkg:npm/source-map@0.5.7","BSD-3-Clause"
"source-map","0.6.1","pkg:npm/source-map@0.6.1","BSD-3-Clause"
"source-map","0.7.6","pkg:npm/source-map@0.7.6","BSD-3-Clause"
"source-map","0.8.0-beta.0","pkg:npm/source-map@0.8.0-beta.0","BSD-3-Clause"
"sourcemap-codec","1.4.8","pkg:npm/sourcemap-codec@1.4.8","MIT"
"source-map-js","1.2.1","pkg:npm/source-map-js@1.2.1","BSD-3-Clause"
"source-map-loader","3.0.2","pkg:npm/source-map-loader@3.0.2","MIT"
"source-map-support","0.5.21","pkg:npm/source-map-support@0.5.21","MIT"
"spdy","4.0.2","pkg:npm/spdy@4.0.2","MIT"
"spdy-transport","3.0.0","pkg:npm/spdy-transport@3.0.0","MIT"
"sprintf-js","1.0.3","pkg:npm/sprintf-js@1.0.3","BSD-3-Clause"
"stackframe","1.3.4","pkg:npm/stackframe@1.3.4","MIT"
"stack-utils","2.0.6","pkg:npm/stack-utils@2.0.6","MIT"
"static-eval","2.0.2","pkg:npm/static-eval@2.0.2","MIT"
"statuses","1.5.0","pkg:npm/statuses@1.5.0","MIT"
"statuses","2.0.1","pkg:npm/statuses@2.0.1","MIT"
"stop-iteration-iterator","1.1.0","pkg:npm/stop-iteration-iterator@1.1.0","MIT"
"string.prototype.matchall","4.0.12","pkg:npm/string.prototype.matchall@4.0.12","MIT"
"string.prototype.trim","1.2.10","pkg:npm/string.prototype.trim@1.2.10","MIT"
"string.prototype.trimend","1.0.9","pkg:npm/string.prototype.trimend@1.0.9","MIT"
"string.prototype.trimstart","1.0.8","pkg:npm/string.prototype.trimstart@1.0.8","MIT"
"string_decoder","1.1.1","pkg:npm/string_decoder@1.1.1","MIT"
"string_decoder","1.3.0","pkg:npm/string_decoder@1.3.0","MIT"
"stringify-object","3.3.0","pkg:npm/stringify-object@3.3.0","BSD-2-Clause"
"string-length","4.0.2","pkg:npm/string-length@4.0.2","MIT"
"string-length","5.0.1","pkg:npm/string-length@5.0.1","MIT"
"string-natural-compare","3.0.1","pkg:npm/string-natural-compare@3.0.1","MIT"
"string-width","4.2.3","pkg:npm/string-width@4.2.3","MIT"
"string-width","5.1.2","pkg:npm/string-width@5.1.2","MIT"
"strip-ansi","6.0.1","pkg:npm/strip-ansi@6.0.1","MIT"
"strip-ansi","7.1.0","pkg:npm/strip-ansi@7.1.0","MIT"
"strip-bom","3.0.0","pkg:npm/strip-bom@3.0.0","MIT"
"strip-bom","4.0.0","pkg:npm/strip-bom@4.0.0","MIT"
"strip-comments","2.0.1","pkg:npm/strip-comments@2.0.1","MIT"
"strip-final-newline","2.0.0","pkg:npm/strip-final-newline@2.0.0","MIT"
"strip-json-comments","3.1.1","pkg:npm/strip-json-comments@3.1.1","MIT"
"stylehacks","5.1.1","pkg:npm/stylehacks@5.1.1","MIT"
"style-loader","3.3.4","pkg:npm/style-loader@3.3.4","MIT"
"stylis","4.1.4","pkg:npm/stylis@4.1.4","MIT"
"stylis","4.2.0","pkg:npm/stylis@4.2.0","MIT"
"stylis-plugin-rtl","2.1.1","pkg:npm/stylis-plugin-rtl@2.1.1","MIT"
"sucrase","3.35.0","pkg:npm/sucrase@3.35.0","MIT"
"supports-color","7.2.0","pkg:npm/supports-color@7.2.0","MIT"
"supports-color","8.1.1","pkg:npm/supports-color@8.1.1","MIT"
"supports-hyperlinks","2.3.0","pkg:npm/supports-hyperlinks@2.3.0","MIT"
"supports-preserve-symlinks-flag","1.0.0","pkg:npm/supports-preserve-symlinks-flag@1.0.0","MIT"
"svgo","3.0.2","pkg:npm/svgo@3.0.2","MIT"
"svg-parser","2.0.4","pkg:npm/svg-parser@2.0.4","MIT"
"symbol-tree","3.2.4","pkg:npm/symbol-tree@3.2.4","MIT"
"tailwindcss","3.4.17","pkg:npm/tailwindcss@3.4.17","MIT"
"tapable","1.1.3","pkg:npm/tapable@1.1.3","MIT"
"tapable","2.2.3","pkg:npm/tapable@2.2.3","MIT"
"temp-dir","2.0.0","pkg:npm/temp-dir@2.0.0","MIT"
"tempy","0.6.0","pkg:npm/tempy@0.6.0","MIT"
"terminal-link","2.1.1","pkg:npm/terminal-link@2.1.1","MIT"
"terser","5.43.1","pkg:npm/terser@5.43.1","BSD-2-Clause"
"terser-webpack-plugin","5.3.14","pkg:npm/terser-webpack-plugin@5.3.14","MIT"
"test-exclude","6.0.0","pkg:npm/test-exclude@6.0.0","ISC"
"text-table","0.2.0","pkg:npm/text-table@0.2.0","MIT"
"thenify","3.3.1","pkg:npm/thenify@3.3.1","MIT"
"thenify-all","1.6.0","pkg:npm/thenify-all@1.6.0","MIT"
"thingies","2.5.0","pkg:npm/thingies@2.5.0","MIT"
"throat","6.0.2","pkg:npm/throat@6.0.2","MIT"
"thunky","1.1.0","pkg:npm/thunky@1.1.0","MIT"
"tiny-case","1.0.3","pkg:npm/tiny-case@1.0.3","MIT"
"tmpl","1.0.5","pkg:npm/tmpl@1.0.5","BSD-3-Clause"
"toidentifier","1.0.1","pkg:npm/toidentifier@1.0.1","MIT"
"toposort","2.0.2","pkg:npm/toposort@2.0.2","MIT"
"to-regex-range","5.0.1","pkg:npm/to-regex-range@5.0.1","MIT"
"tough-cookie","4.1.4","pkg:npm/tough-cookie@4.1.4","BSD-3-Clause"
"tr46","1.0.1","pkg:npm/tr46@1.0.1","MIT"
"tr46","2.1.0","pkg:npm/tr46@2.1.0","MIT"
"tree-dump","1.1.0","pkg:npm/tree-dump@1.1.0","Apache-2.0"
"tryer","1.0.1","pkg:npm/tryer@1.0.1","MIT"
"tsconfig-paths","3.15.0","pkg:npm/tsconfig-paths@3.15.0","MIT"
"ts-interface-checker","0.1.13","pkg:npm/ts-interface-checker@0.1.13","Apache-2.0"
"tslib","1.14.1","pkg:npm/tslib@1.14.1","0BSD"
"tslib","2.8.1","pkg:npm/tslib@2.8.1","0BSD"
"tsutils","3.21.0","pkg:npm/tsutils@3.21.0","MIT"
"type-check","0.3.2","pkg:npm/type-check@0.3.2","MIT"
"type-check","0.4.0","pkg:npm/type-check@0.4.0","MIT"
"typed-array-buffer","1.0.3","pkg:npm/typed-array-buffer@1.0.3","MIT"
"typed-array-byte-length","1.0.3","pkg:npm/typed-array-byte-length@1.0.3","MIT"
"typed-array-byte-offset","1.0.4","pkg:npm/typed-array-byte-offset@1.0.4","MIT"
"typed-array-length","1.0.7","pkg:npm/typed-array-length@1.0.7","MIT"
"typedarray-to-buffer","3.1.5","pkg:npm/typedarray-to-buffer@3.1.5","MIT"
"type-detect","4.0.8","pkg:npm/type-detect@4.0.8","MIT"
"type-fest","0.16.0","pkg:npm/type-fest@0.16.0","(MIT OR CC0-1.0)"
"type-fest","0.20.2","pkg:npm/type-fest@0.20.2","(MIT OR CC0-1.0)"
"type-fest","0.21.3","pkg:npm/type-fest@0.21.3","(MIT OR CC0-1.0)"
"type-fest","2.19.0","pkg:npm/type-fest@2.19.0","(MIT OR CC0-1.0)"
"type-is","1.6.18","pkg:npm/type-is@1.6.18","MIT"
"unbox-primitive","1.1.0","pkg:npm/unbox-primitive@1.1.0","MIT"
"underscore","1.12.1","pkg:npm/underscore@1.12.1","MIT"
"undici-types","7.10.0","pkg:npm/undici-types@7.10.0","MIT"
"unicode-canonical-property-names-ecmascript","2.0.1","pkg:npm/unicode-canonical-property-names-ecmascript@2.0.1","MIT"
"unicode-match-property-ecmascript","2.0.0","pkg:npm/unicode-match-property-ecmascript@2.0.0","MIT"
"unicode-match-property-value-ecmascript","2.2.0","pkg:npm/unicode-match-property-value-ecmascript@2.2.0","MIT"
"unicode-property-aliases-ecmascript","2.1.0","pkg:npm/unicode-property-aliases-ecmascript@2.1.0","MIT"
"unique-string","2.0.0","pkg:npm/unique-string@2.0.0","MIT"
"universalify","0.2.0","pkg:npm/universalify@0.2.0","MIT"
"universalify","2.0.1","pkg:npm/universalify@2.0.1","MIT"
"unpipe","1.0.0","pkg:npm/unpipe@1.0.0","MIT"
"upath","1.2.0","pkg:npm/upath@1.2.0","MIT"
"update-browserslist-db","1.1.3","pkg:npm/update-browserslist-db@1.1.3","MIT"
"uri-js","4.4.1","pkg:npm/uri-js@4.4.1","BSD-2-Clause"
"url-parse","1.5.10","pkg:npm/url-parse@1.5.10","MIT"
"utila","0.4.0","pkg:npm/utila@0.4.0","MIT"
"util-deprecate","1.0.2","pkg:npm/util-deprecate@1.0.2","MIT"
"utils-merge","1.0.1","pkg:npm/utils-merge@1.0.1","MIT"
"uuid","8.3.2","pkg:npm/uuid@8.3.2","MIT"
"v8-to-istanbul","8.1.1","pkg:npm/v8-to-istanbul@8.1.1","ISC"
"vary","1.1.2","pkg:npm/vary@1.1.2","MIT"
"w3c-hr-time","1.0.2","pkg:npm/w3c-hr-time@1.0.2","MIT"
"w3c-xmlserializer","2.0.0","pkg:npm/w3c-xmlserializer@2.0.0","MIT"
"walker","1.0.8","pkg:npm/walker@1.0.8","Apache-2.0"
"watchpack","2.4.4","pkg:npm/watchpack@2.4.4","MIT"
"wbuf","1.7.3","pkg:npm/wbuf@1.7.3","MIT"
"webidl-conversions","4.0.2","pkg:npm/webidl-conversions@4.0.2","BSD-2-Clause"
"webidl-conversions","5.0.0","pkg:npm/webidl-conversions@5.0.0","BSD-2-Clause"
"webidl-conversions","6.1.0","pkg:npm/webidl-conversions@6.1.0","BSD-2-Clause"
"webpack","5.101.3","pkg:npm/webpack@5.101.3","MIT"
"webpack-dev-middleware","7.4.4","pkg:npm/webpack-dev-middleware@7.4.4","MIT"
"webpack-dev-server","5.2.2","pkg:npm/webpack-dev-server@5.2.2","MIT"
"webpack-manifest-plugin","4.1.1","pkg:npm/webpack-manifest-plugin@4.1.1","MIT"
"webpack-sources","1.4.3","pkg:npm/webpack-sources@1.4.3","MIT"
"webpack-sources","2.3.1","pkg:npm/webpack-sources@2.3.1","MIT"
"webpack-sources","3.3.3","pkg:npm/webpack-sources@3.3.3","MIT"
"websocket-driver","0.7.4","pkg:npm/websocket-driver@0.7.4","Apache-2.0"
"websocket-extensions","0.1.4","pkg:npm/websocket-extensions@0.1.4","Apache-2.0"
"whatwg-encoding","1.0.5","pkg:npm/whatwg-encoding@1.0.5","MIT"
"whatwg-fetch","3.6.20","pkg:npm/whatwg-fetch@3.6.20","MIT"
"whatwg-mimetype","2.3.0","pkg:npm/whatwg-mimetype@2.3.0","MIT"
"whatwg-url","7.1.0","pkg:npm/whatwg-url@7.1.0","MIT"
"whatwg-url","8.7.0","pkg:npm/whatwg-url@8.7.0","MIT"
"which","1.3.1","pkg:npm/which@1.3.1","ISC"
"which","2.0.2","pkg:npm/which@2.0.2","ISC"
"which-boxed-primitive","1.1.1","pkg:npm/which-boxed-primitive@1.1.1","MIT"
"which-builtin-type","1.2.1","pkg:npm/which-builtin-type@1.2.1","MIT"
"which-collection","1.0.2","pkg:npm/which-collection@1.0.2","MIT"
"which-typed-array","1.1.19","pkg:npm/which-typed-array@1.1.19","MIT"
"word-wrap","1.2.5","pkg:npm/word-wrap@1.2.5","MIT"
"workbox-background-sync","6.6.0","pkg:npm/workbox-background-sync@6.6.0","MIT"
"workbox-broadcast-update","6.6.0","pkg:npm/workbox-broadcast-update@6.6.0","MIT"
"workbox-build","6.6.0","pkg:npm/workbox-build@6.6.0","MIT"
"workbox-cacheable-response","6.6.0","pkg:npm/workbox-cacheable-response@6.6.0","MIT"
"workbox-core","6.6.0","pkg:npm/workbox-core@6.6.0","MIT"
"workbox-expiration","6.6.0","pkg:npm/workbox-expiration@6.6.0","MIT"
"workbox-google-analytics","6.6.0","pkg:npm/workbox-google-analytics@6.6.0","MIT"
"workbox-navigation-preload","6.6.0","pkg:npm/workbox-navigation-preload@6.6.0","MIT"
"workbox-precaching","6.6.0","pkg:npm/workbox-precaching@6.6.0","MIT"
"workbox-range-requests","6.6.0","pkg:npm/workbox-range-requests@6.6.0","MIT"
"workbox-recipes","6.6.0","pkg:npm/workbox-recipes@6.6.0","MIT"
"workbox-routing","6.6.0","pkg:npm/workbox-routing@6.6.0","MIT"
"workbox-strategies","6.6.0","pkg:npm/workbox-strategies@6.6.0","MIT"
"workbox-streams","6.6.0","pkg:npm/workbox-streams@6.6.0","MIT"
"workbox-sw","6.6.0","pkg:npm/workbox-sw@6.6.0","MIT"
"workbox-webpack-plugin","6.6.0","pkg:npm/workbox-webpack-plugin@6.6.0","MIT"
"workbox-window","6.6.0","pkg:npm/workbox-window@6.6.0","MIT"
"wrap-ansi","7.0.0","pkg:npm/wrap-ansi@7.0.0","MIT"
"wrap-ansi","8.1.0","pkg:npm/wrap-ansi@8.1.0","MIT"
"wrappy","1.0.2","pkg:npm/wrappy@1.0.2","ISC"
"write-file-atomic","3.0.3","pkg:npm/write-file-atomic@3.0.3","ISC"
"ws","7.5.10","pkg:npm/ws@7.5.10","MIT"
"ws","8.18.3","pkg:npm/ws@8.18.3","MIT"
"wsl-utils","0.1.0","pkg:npm/wsl-utils@0.1.0","MIT"
"xmlchars","2.2.0","pkg:npm/xmlchars@2.2.0","MIT"
"xml-name-validator","3.0.0","pkg:npm/xml-name-validator@3.0.0","Apache-2.0"
"y18n","5.0.8","pkg:npm/y18n@5.0.8","ISC"
"yallist","3.1.1","pkg:npm/yallist@3.1.1","ISC"
"yaml","1.10.2","pkg:npm/yaml@1.10.2","ISC"
"yaml","2.8.1","pkg:npm/yaml@2.8.1","ISC"
"yargs","16.2.0","pkg:npm/yargs@16.2.0","MIT"
"yargs-parser","20.2.9","pkg:npm/yargs-parser@20.2.9","ISC"
"yocto-queue","0.1.0","pkg:npm/yocto-queue@0.1.0","MIT"
"yup","1.1.1","pkg:npm/yup@1.1.1","MIT"
